id,Geographic Area Name,Estimate!!Total,Margin of Error!!Total,Estimate!!Total!!White alone,Margin of Error!!Total!!White alone,Estimate!!Total!!Black or African American alone,Margin of Error!!Total!!Black or African American alone,Estimate!!Total!!American Indian and Alaska Native alone,Margin of Error!!Total!!American Indian and Alaska Native alone,Estimate!!Total!!Asian alone,Margin of Error!!Total!!Asian alone,Estimate!!Total!!Native Hawaiian and Other Pacific Islander alone,Margin of Error!!Total!!Native Hawaiian and Other Pacific Islander alone,Estimate!!Total!!Some other race alone,Margin of Error!!Total!!Some other race alone,Estimate!!Total!!Two or more races,Margin of Error!!Total!!Two or more races,Estimate!!Total!!Two or more races!!Two races including Some other race,Margin of Error!!Total!!Two or more races!!Two races including Some other race,"Estimate!!Total!!Two or more races!!Two races excluding Some other race, and three or more races","Margin of Error!!Total!!Two or more races!!Two races excluding Some other race, and three or more races"
1500000US250250103002,"Block Group 2, Census Tract 103, Suffolk County, Massachusetts",3987,336,2940,328,233,101,0,12,537,127,4,8,123,61,150,69,39,32,111,64
1500000US250251704003,"Block Group 3, Census Tract 1704, Suffolk County, Massachusetts",1025,335,741,324,37,43,0,12,23,34,0,12,66,111,158,180,0,12,158,180
1500000US250251001004,"Block Group 4, Census Tract 1001, Suffolk County, Massachusetts",718,311,119,99,490,289,0,12,0,12,0,12,15,35,94,139,0,12,94,139
1500000US250251004003,"Block Group 3, Census Tract 1004, Suffolk County, Massachusetts",808,350,49,52,473,215,0,12,92,142,0,12,175,279,19,28,0,12,19,28
1500000US250250913002,"Block Group 2, Census Tract 913, Suffolk County, Massachusetts",1324,259,156,121,876,215,0,12,25,28,0,12,178,133,89,78,28,31,61,76
1500000US250251104034,"Block Group 4, Census Tract 1104.03, Suffolk County, Massachusetts",1095,275,648,193,151,95,0,12,58,69,0,12,231,205,7,12,0,12,7,12
1500000US250250511011,"Block Group 1, Census Tract 511.01, Suffolk County, Massachusetts",2363,701,1721,492,155,212,0,12,0,12,0,12,26,40,461,428,0,12,461,428
1500000US250250919001,"Block Group 1, Census Tract 919, Suffolk County, Massachusetts",1021,404,169,126,671,382,0,12,0,12,0,12,136,131,45,53,6,9,39,51
1500000US250250509012,"Block Group 2, Census Tract 509.01, Suffolk County, Massachusetts",1943,396,1038,365,11,16,0,12,53,59,0,12,19,24,822,358,82,109,740,361
1500000US250250821003,"Block Group 3, Census Tract 821, Suffolk County, Massachusetts",2355,626,265,227,1664,511,0,12,20,37,0,12,277,206,129,150,0,12,129,150
1500000US250250607002,"Block Group 2, Census Tract 607, Suffolk County, Massachusetts",1454,225,440,127,440,227,0,12,102,83,0,12,317,143,155,102,19,24,136,95
1500000US250251003001,"Block Group 1, Census Tract 1003, Suffolk County, Massachusetts",1505,430,14,15,1295,366,0,12,23,23,0,12,116,181,57,83,0,12,57,83
1500000US250251010023,"Block Group 3, Census Tract 1010.02, Suffolk County, Massachusetts",2641,692,113,81,2270,688,0,12,109,160,0,12,68,75,81,76,5,9,76,76
1500000US250250008023,"Block Group 3, Census Tract 8.02, Suffolk County, Massachusetts",748,294,311,196,9,21,0,12,131,183,0,12,239,245,58,84,0,12,58,84
1500000US250250004021,"Block Group 1, Census Tract 4.02, Suffolk County, Massachusetts",1223,200,950,207,61,59,0,12,136,66,0,12,0,12,76,67,0,12,76,67
1500000US250251001007,"Block Group 7, Census Tract 1001, Suffolk County, Massachusetts",970,325,158,162,774,326,0,12,0,12,0,12,0,12,38,43,0,12,38,43
1500000US250251106072,"Block Group 2, Census Tract 1106.07, Suffolk County, Massachusetts",1695,370,1525,424,152,173,0,12,18,27,0,12,0,12,0,12,0,12,0,12
1500000US250250821002,"Block Group 2, Census Tract 821, Suffolk County, Massachusetts",2594,649,82,71,1654,632,0,12,0,12,0,12,504,325,354,303,18,30,336,300
1500000US250251304025,"Block Group 5, Census Tract 1304.02, Suffolk County, Massachusetts",1063,375,664,331,0,12,0,12,310,275,0,12,89,133,0,12,0,12,0,12
1500000US250259811002,"Block Group 2, Census Tract 9811, Suffolk County, Massachusetts",0,12,0,12,0,12,0,12,0,12,0,12,0,12,0,12,0,12,0,12
1500000US250251010012,"Block Group 2, Census Tract 1010.01, Suffolk County, Massachusetts",379,230,17,27,340,231,0,12,0,12,0,12,0,12,22,33,0,12,22,33
1500000US250250612003,"Block Group 3, Census Tract 612, Suffolk County, Massachusetts",1049,348,1015,355,1,3,1,3,23,25,0,12,0,12,9,13,0,12,9,13
1500000US250250107013,"Block Group 3, Census Tract 107.01, Suffolk County, Massachusetts",671,117,571,118,11,10,0,12,61,50,0,12,10,15,18,20,0,12,18,20
1500000US250251707023,"Block Group 3, Census Tract 1707.02, Suffolk County, Massachusetts",1711,425,1117,426,107,177,0,12,373,230,0,12,60,99,54,87,0,12,54,87
1500000US250250922002,"Block Group 2, Census Tract 922, Suffolk County, Massachusetts",906,316,205,129,549,280,0,12,142,167,0,12,10,17,0,12,0,12,0,12
1500000US250251304062,"Block Group 2, Census Tract 1304.06, Suffolk County, Massachusetts",2862,613,1417,317,1053,620,0,12,235,135,0,12,49,67,108,87,20,35,88,80
1500000US250250002022,"Block Group 2, Census Tract 2.02, Suffolk County, Massachusetts",963,219,805,216,38,53,0,12,113,94,0,12,0,12,7,12,0,12,7,12
1500000US250251001003,"Block Group 3, Census Tract 1001, Suffolk County, Massachusetts",1610,695,132,207,1431,682,0,12,0,12,0,12,38,57,9,17,0,12,9,17
1500000US250259807001,"Block Group 1, Census Tract 9807, Suffolk County, Massachusetts",0,12,0,12,0,12,0,12,0,12,0,12,0,12,0,12,0,12,0,12
1500000US250250705001,"Block Group 1, Census Tract 705, Suffolk County, Massachusetts",1935,340,1631,305,16,25,0,12,239,160,0,12,0,12,49,47,0,12,49,47
1500000US250251705022,"Block Group 2, Census Tract 1705.02, Suffolk County, Massachusetts",1635,184,1362,161,34,40,0,12,113,123,0,12,10,14,116,100,0,12,116,100
1500000US250251303005,"Block Group 5, Census Tract 1303, Suffolk County, Massachusetts",766,210,760,211,0,12,0,12,6,10,0,12,0,12,0,12,0,12,0,12
1500000US250250707002,"Block Group 2, Census Tract 707, Suffolk County, Massachusetts",1482,258,904,219,328,151,0,12,164,148,0,12,24,37,62,60,0,12,62,60
1500000US250250918003,"Block Group 3, Census Tract 918, Suffolk County, Massachusetts",936,337,56,50,761,287,0,12,0,12,0,12,112,157,7,11,0,12,7,11
1500000US250251304041,"Block Group 1, Census Tract 1304.04, Suffolk County, Massachusetts",2394,457,1553,478,454,234,0,12,236,77,0,12,141,183,10,17,0,12,10,17
1500000US250259816001,"Block Group 1, Census Tract 9816, Suffolk County, Massachusetts",0,12,0,12,0,12,0,12,0,12,0,12,0,12,0,12,0,12,0,12
1500000US250250701014,"Block Group 4, Census Tract 701.01, Suffolk County, Massachusetts",1877,378,1394,325,53,42,0,12,302,139,0,12,55,44,73,68,7,13,66,68
1500000US250250805002,"Block Group 2, Census Tract 805, Suffolk County, Massachusetts",2107,340,375,168,978,293,0,12,37,44,0,12,702,281,15,24,0,12,15,24
1500000US250251603002,"Block Group 2, Census Tract 1603, Suffolk County, Massachusetts",714,309,375,230,92,97,0,12,0,12,0,12,56,69,191,183,0,12,191,183
1500000US250250108023,"Block Group 3, Census Tract 108.02, Suffolk County, Massachusetts",646,114,599,123,0,12,0,12,47,41,0,12,0,12,0,12,0,12,0,12
1500000US250250005044,"Block Group 4, Census Tract 5.04, Suffolk County, Massachusetts",783,331,634,303,61,70,0,12,59,76,0,12,0,12,29,48,0,12,29,48
1500000US250250007043,"Block Group 3, Census Tract 7.04, Suffolk County, Massachusetts",1234,365,758,216,16,25,0,12,437,314,0,12,0,12,23,28,0,12,23,28
1500000US250251003003,"Block Group 3, Census Tract 1003, Suffolk County, Massachusetts",817,311,0,12,572,233,0,12,64,99,0,12,0,12,181,227,77,99,104,132
1500000US250250607001,"Block Group 1, Census Tract 607, Suffolk County, Massachusetts",1161,197,218,108,534,218,0,12,59,55,0,12,221,141,129,135,1,3,128,134
1500000US250250906001,"Block Group 1, Census Tract 906, Suffolk County, Massachusetts",1173,296,215,138,722,195,5,11,93,126,0,12,134,105,4,10,0,12,4,10
1500000US250250601014,"Block Group 4, Census Tract 601.01, Suffolk County, Massachusetts",768,146,681,160,33,20,0,12,49,74,0,12,0,12,5,10,0,12,5,10
1500000US250250820001,"Block Group 1, Census Tract 820, Suffolk County, Massachusetts",1558,406,306,303,1164,339,0,12,11,16,0,12,17,33,60,78,0,12,60,78
1500000US250250923001,"Block Group 1, Census Tract 923, Suffolk County, Massachusetts",771,220,131,114,569,214,18,28,33,45,0,12,4,6,16,24,0,12,16,24
1500000US250250507002,"Block Group 2, Census Tract 507, Suffolk County, Massachusetts",1607,431,891,319,56,64,0,12,37,52,0,12,16,27,607,356,0,12,607,356
1500000US250250701012,"Block Group 2, Census Tract 701.01, Suffolk County, Massachusetts",652,285,250,166,49,69,0,12,336,197,0,12,17,29,0,12,0,12,0,12
1500000US250251706012,"Block Group 2, Census Tract 1706.01, Suffolk County, Massachusetts",1333,363,1115,358,0,12,14,21,81,98,0,12,123,198,0,12,0,12,0,12
1500000US250250610003,"Block Group 3, Census Tract 610, Suffolk County, Massachusetts",592,203,372,191,82,83,0,12,65,97,0,12,62,74,11,18,0,12,11,18
1500000US250250911002,"Block Group 2, Census Tract 911, Suffolk County, Massachusetts",980,211,706,192,62,66,0,12,127,114,0,12,0,12,85,75,0,12,85,75
1500000US250251202012,"Block Group 2, Census Tract 1202.01, Suffolk County, Massachusetts",2028,325,1401,307,154,85,43,70,42,53,0,12,288,157,100,74,14,22,86,71
1500000US250250304002,"Block Group 2, Census Tract 304, Suffolk County, Massachusetts",1096,192,1045,185,10,16,0,12,0,12,0,12,25,29,16,24,0,12,16,24
1500000US250250812002,"Block Group 2, Census Tract 812, Suffolk County, Massachusetts",1427,328,728,212,130,99,0,12,204,145,0,12,277,203,88,81,0,12,88,81
1500000US250251008005,"Block Group 5, Census Tract 1008, Suffolk County, Massachusetts",974,387,769,350,139,161,0,12,66,116,0,12,0,12,0,12,0,12,0,12
1500000US250251601014,"Block Group 4, Census Tract 1601.01, Suffolk County, Massachusetts",1481,588,674,364,30,34,0,12,0,12,0,12,95,104,682,530,0,12,682,530
1500000US250251605023,"Block Group 3, Census Tract 1605.02, Suffolk County, Massachusetts",1325,452,590,259,189,202,0,12,9,14,0,12,62,61,475,326,26,38,449,325
1500000US250251703002,"Block Group 2, Census Tract 1703, Suffolk County, Massachusetts",923,465,773,483,119,114,0,12,4,11,0,12,0,12,27,42,0,12,27,42
1500000US250251005003,"Block Group 3, Census Tract 1005, Suffolk County, Massachusetts",1605,630,587,400,771,479,0,12,247,210,0,12,0,12,0,12,0,12,0,12
1500000US250250102033,"Block Group 3, Census Tract 102.03, Suffolk County, Massachusetts",1650,231,946,240,66,65,0,12,576,200,0,12,33,18,29,31,13,23,16,19
1500000US250250510003,"Block Group 3, Census Tract 510, Suffolk County, Massachusetts",1281,397,881,281,0,12,0,12,64,61,13,24,17,24,306,222,94,108,212,194
1500000US250251702001,"Block Group 1, Census Tract 1702, Suffolk County, Massachusetts",991,252,828,214,0,12,0,12,11,17,0,12,133,136,19,30,0,12,19,30
1500000US250250922001,"Block Group 1, Census Tract 922, Suffolk County, Massachusetts",877,294,276,109,244,147,0,12,239,230,0,12,109,139,9,13,0,12,9,13
1500000US250250901004,"Block Group 4, Census Tract 901, Suffolk County, Massachusetts",1139,341,23,35,771,335,0,12,66,79,0,12,272,244,7,12,0,12,7,12
1500000US250250511012,"Block Group 2, Census Tract 511.01, Suffolk County, Massachusetts",1949,574,1022,383,33,36,0,12,394,319,0,12,150,182,350,269,111,121,239,279
1500000US250250920003,"Block Group 3, Census Tract 920, Suffolk County, Massachusetts",900,382,318,317,528,223,0,12,0,12,0,12,0,12,54,86,0,12,54,86
1500000US250251006011,"Block Group 1, Census Tract 1006.01, Suffolk County, Massachusetts",1231,346,523,226,194,220,0,12,352,275,0,12,162,193,0,12,0,12,0,12
1500000US250250817003,"Block Group 3, Census Tract 817, Suffolk County, Massachusetts",829,376,57,67,584,336,17,28,0,12,0,12,140,144,31,48,31,48,0,12
1500000US250251803013,"Block Group 3, Census Tract 1803.01, Suffolk County, Massachusetts",898,240,883,244,0,12,0,12,5,12,0,12,0,12,10,15,0,12,10,15
1500000US250250104032,"Block Group 2, Census Tract 104.03, Suffolk County, Massachusetts",886,172,641,194,31,36,0,12,117,80,0,12,97,91,0,12,0,12,0,12
1500000US250251004001,"Block Group 1, Census Tract 1004, Suffolk County, Massachusetts",1625,435,326,226,774,353,0,12,438,282,0,12,0,12,87,127,87,127,0,12
1500000US250251707024,"Block Group 4, Census Tract 1707.02, Suffolk County, Massachusetts",1474,579,939,505,0,12,0,12,263,276,0,12,64,104,208,240,123,199,85,128
1500000US250250808012,"Block Group 2, Census Tract 808.01, Suffolk County, Massachusetts",1813,247,518,201,609,177,0,12,295,92,0,12,295,218,96,78,43,54,53,57
1500000US250251701002,"Block Group 2, Census Tract 1701, Suffolk County, Massachusetts",1309,382,1089,339,220,233,0,12,0,12,0,12,0,12,0,12,0,12,0,12
1500000US250251201052,"Block Group 2, Census Tract 1201.05, Suffolk County, Massachusetts",1064,123,942,131,65,36,0,12,26,23,0,12,0,12,31,30,0,12,31,30
1500000US250250709002,"Block Group 2, Census Tract 709, Suffolk County, Massachusetts",983,283,273,118,525,240,0,12,27,33,0,12,123,109,35,39,0,12,35,39
1500000US250251404006,"Block Group 6, Census Tract 1404, Suffolk County, Massachusetts",2486,661,427,241,1852,613,0,12,20,32,0,12,0,12,187,243,0,12,187,243
1500000US250250907004,"Block Group 4, Census Tract 907, Suffolk County, Massachusetts",531,185,515,184,0,12,0,12,0,12,0,12,0,12,16,18,0,12,16,18
1500000US250251303003,"Block Group 3, Census Tract 1303, Suffolk County, Massachusetts",639,215,615,214,24,38,0,12,0,12,0,12,0,12,0,12,0,12,0,12
1500000US250250509011,"Block Group 1, Census Tract 509.01, Suffolk County, Massachusetts",1440,485,884,330,0,12,0,12,11,16,0,12,181,235,364,350,0,12,364,350
1500000US250250602001,"Block Group 1, Census Tract 602, Suffolk County, Massachusetts",896,213,885,209,1,4,0,12,0,12,0,12,6,16,4,7,4,7,0,12
1500000US250250819002,"Block Group 2, Census Tract 819, Suffolk County, Massachusetts",813,200,110,130,618,199,0,12,23,37,0,12,29,47,33,53,0,12,33,53
1500000US250251001006,"Block Group 6, Census Tract 1001, Suffolk County, Massachusetts",1541,356,282,211,1021,298,0,12,0,12,0,12,39,63,199,185,84,136,115,188
1500000US250250107023,"Block Group 3, Census Tract 107.02, Suffolk County, Massachusetts",1075,184,999,178,22,24,0,12,22,19,0,12,0,12,32,37,24,36,8,10
1500000US250250301002,"Block Group 2, Census Tract 301, Suffolk County, Massachusetts",970,120,930,118,0,12,16,28,11,16,0,12,13,20,0,12,0,12,0,12
1500000US250250006012,"Block Group 2, Census Tract 6.01, Suffolk County, Massachusetts",1238,223,794,196,44,43,0,12,324,194,0,12,69,78,7,12,0,12,7,12
1500000US250250503001,"Block Group 1, Census Tract 503, Suffolk County, Massachusetts",671,189,455,161,37,28,0,12,12,14,0,12,23,40,144,160,17,28,127,155
1500000US250250915002,"Block Group 2, Census Tract 915, Suffolk County, Massachusetts",1922,355,93,62,1298,333,0,12,28,44,0,12,295,183,208,159,29,45,179,154
1500000US250251105022,"Block Group 2, Census Tract 1105.02, Suffolk County, Massachusetts",2413,496,1618,405,439,166,7,12,10,16,0,12,150,122,189,197,9,14,180,197
1500000US250251105013,"Block Group 3, Census Tract 1105.01, Suffolk County, Massachusetts",1084,253,854,179,34,54,0,12,0,12,0,12,135,132,61,117,0,12,61,117
1500000US250250701018,"Block Group 8, Census Tract 701.01, Suffolk County, Massachusetts",420,151,361,154,20,26,0,12,35,40,0,12,0,12,4,21,0,12,4,21
1500000US250251604002,"Block Group 2, Census Tract 1604, Suffolk County, Massachusetts",1847,275,770,215,292,163,18,26,22,36,0,12,122,83,623,211,0,12,623,211
1500000US250250712011,"Block Group 1, Census Tract 712.01, Suffolk County, Massachusetts",2096,397,1400,250,172,113,14,32,346,160,0,12,60,59,104,92,0,12,104,92
1500000US250250501011,"Block Group 1, Census Tract 501.01, Suffolk County, Massachusetts",2172,539,1310,470,41,31,0,12,222,172,0,12,56,75,543,335,0,12,543,335
1500000US250250904002,"Block Group 2, Census Tract 904, Suffolk County, Massachusetts",2070,744,135,132,1333,516,0,12,0,12,0,12,360,399,242,348,12,20,230,349
1500000US250250817002,"Block Group 2, Census Tract 817, Suffolk County, Massachusetts",739,262,45,45,591,229,0,12,14,21,0,12,89,104,0,12,0,12,0,12
1500000US250250605015,"Block Group 5, Census Tract 605.01, Suffolk County, Massachusetts",554,152,499,139,0,12,0,12,55,56,0,12,0,12,0,12,0,12,0,12
1500000US250251005001,"Block Group 1, Census Tract 1005, Suffolk County, Massachusetts",1089,370,96,144,572,349,0,12,417,278,0,12,2,4,2,4,0,12,2,4
1500000US250251009002,"Block Group 2, Census Tract 1009, Suffolk County, Massachusetts",626,270,176,129,317,205,9,16,124,161,0,12,0,12,0,12,0,12,0,12
1500000US250251304061,"Block Group 1, Census Tract 1304.06, Suffolk County, Massachusetts",2903,517,534,235,2028,583,0,12,74,109,0,12,190,201,77,95,0,12,77,95
1500000US250250102043,"Block Group 3, Census Tract 102.04, Suffolk County, Massachusetts",818,162,417,148,32,50,0,12,310,109,0,12,38,41,21,26,16,25,5,8
1500000US250251404002,"Block Group 2, Census Tract 1404, Suffolk County, Massachusetts",1078,382,24,37,1028,365,0,12,0,12,0,12,0,12,26,39,0,12,26,39
1500000US250251401021,"Block Group 1, Census Tract 1401.02, Suffolk County, Massachusetts",1719,400,509,271,1011,381,0,12,26,29,0,12,118,101,55,44,0,12,55,44
1500000US250251006014,"Block Group 4, Census Tract 1006.01, Suffolk County, Massachusetts",2183,479,839,412,689,342,0,12,437,340,0,12,0,12,218,263,148,248,70,90
1500000US250250917003,"Block Group 3, Census Tract 917, Suffolk County, Massachusetts",686,196,65,59,440,206,0,12,0,12,0,12,135,112,46,75,0,12,46,75
1500000US250250104053,"Block Group 3, Census Tract 104.05, Suffolk County, Massachusetts",651,129,267,81,124,47,0,12,208,78,0,12,38,31,14,18,7,10,7,15
1500000US250251701001,"Block Group 1, Census Tract 1701, Suffolk County, Massachusetts",1536,464,1307,418,107,107,0,12,0,12,0,12,0,12,122,187,0,12,122,187
1500000US250250810014,"Block Group 4, Census Tract 810.01, Suffolk County, Massachusetts",959,260,536,256,177,150,0,12,240,201,0,12,0,12,6,11,0,12,6,11
1500000US250251204001,"Block Group 1, Census Tract 1204, Suffolk County, Massachusetts",728,256,487,175,84,65,0,12,75,90,0,12,0,12,82,84,12,19,70,81
1500000US250250202002,"Block Group 2, Census Tract 202, Suffolk County, Massachusetts",1122,209,943,193,36,59,0,12,111,122,0,12,32,43,0,12,0,12,0,12
1500000US250250503002,"Block Group 2, Census Tract 503, Suffolk County, Massachusetts",1819,207,1055,207,277,139,10,16,217,128,0,12,67,44,193,129,5,7,188,126
1500000US250250506002,"Block Group 2, Census Tract 506, Suffolk County, Massachusetts",1348,374,741,197,158,130,0,12,20,24,0,12,14,23,415,310,0,12,415,310
1500000US250250819004,"Block Group 4, Census Tract 819, Suffolk County, Massachusetts",990,359,168,237,530,217,0,12,0,12,0,12,25,40,267,272,130,208,137,204
1500000US250259813002,"Block Group 2, Census Tract 9813, Suffolk County, Massachusetts",400,87,349,79,14,15,0,12,18,18,0,12,0,12,19,22,0,12,19,22
1500000US250250108012,"Block Group 2, Census Tract 108.01, Suffolk County, Massachusetts",1142,232,1109,232,13,19,0,12,8,13,0,12,2,6,10,17,0,12,10,17
1500000US250250605012,"Block Group 2, Census Tract 605.01, Suffolk County, Massachusetts",1411,329,1278,319,27,43,0,12,81,100,0,12,0,12,25,37,0,12,25,37
1500000US250251707021,"Block Group 1, Census Tract 1707.02, Suffolk County, Massachusetts",664,319,395,244,151,158,0,12,0,12,0,12,0,12,118,100,21,31,97,94
1500000US250251801013,"Block Group 3, Census Tract 1801.01, Suffolk County, Massachusetts",2302,538,2093,502,56,63,0,12,0,12,0,12,104,124,49,53,22,35,27,39
1500000US250251303004,"Block Group 4, Census Tract 1303, Suffolk County, Massachusetts",1334,347,934,309,32,36,0,12,246,110,0,12,114,180,8,14,0,12,8,14
1500000US250250813001,"Block Group 1, Census Tract 813, Suffolk County, Massachusetts",1920,574,448,308,572,329,0,12,113,145,0,12,545,332,242,173,110,146,132,116
1500000US250251101035,"Block Group 5, Census Tract 1101.03, Suffolk County, Massachusetts",1452,480,996,337,142,146,0,12,149,110,0,12,16,26,149,201,0,12,149,201
1500000US250251401022,"Block Group 2, Census Tract 1401.02, Suffolk County, Massachusetts",1469,295,839,249,507,284,0,12,11,16,0,12,88,128,24,28,0,12,24,28
1500000US250250817001,"Block Group 1, Census Tract 817, Suffolk County, Massachusetts",455,187,12,21,415,181,0,12,0,12,0,12,0,12,28,44,0,12,28,44
1500000US250250005032,"Block Group 2, Census Tract 5.03, Suffolk County, Massachusetts",1330,127,1030,139,34,36,0,12,200,102,0,12,44,48,22,23,0,12,22,23
1500000US250250203032,"Block Group 2, Census Tract 203.03, Suffolk County, Massachusetts",1771,338,1137,275,304,118,8,13,121,91,0,12,158,53,43,40,0,12,43,40
1500000US250250903002,"Block Group 2, Census Tract 903, Suffolk County, Massachusetts",1648,380,402,372,835,328,0,12,0,12,0,12,411,247,0,12,0,12,0,12
1500000US250251803012,"Block Group 2, Census Tract 1803.01, Suffolk County, Massachusetts",824,224,804,225,0,12,0,12,0,12,0,12,20,32,0,12,0,12,0,12
1500000US250251802001,"Block Group 1, Census Tract 1802, Suffolk County, Massachusetts",1345,371,1119,313,14,23,0,12,26,30,0,12,131,165,55,68,0,12,55,68
1500000US250250703004,"Block Group 4, Census Tract 703, Suffolk County, Massachusetts",1431,320,1048,237,48,57,0,12,186,105,0,12,40,44,109,151,30,42,79,109
1500000US250251802002,"Block Group 2, Census Tract 1802, Suffolk County, Massachusetts",691,214,691,214,0,12,0,12,0,12,0,12,0,12,0,12,0,12,0,12
1500000US250251205003,"Block Group 3, Census Tract 1205, Suffolk County, Massachusetts",793,203,362,125,183,127,0,12,119,99,0,12,129,81,0,12,0,12,0,12
1500000US250250801001,"Block Group 1, Census Tract 801, Suffolk County, Massachusetts",2013,343,468,138,937,200,13,15,35,30,0,12,535,201,25,21,15,17,10,14
1500000US250251007005,"Block Group 5, Census Tract 1007, Suffolk County, Massachusetts",535,162,527,162,0,12,0,12,8,13,0,12,0,12,0,12,0,12,0,12
1500000US250259815011,"Block Group 1, Census Tract 9815.01, Suffolk County, Massachusetts",0,12,0,12,0,12,0,12,0,12,0,12,0,12,0,12,0,12,0,12
1500000US250250702003,"Block Group 3, Census Tract 702, Suffolk County, Massachusetts",3229,395,1932,307,45,37,0,12,1130,234,0,12,8,17,114,59,10,20,104,56
1500000US250250804012,"Block Group 2, Census Tract 804.01, Suffolk County, Massachusetts",1723,335,273,163,732,262,0,12,18,27,0,12,548,228,152,134,0,12,152,134
1500000US250250003021,"Block Group 1, Census Tract 3.02, Suffolk County, Massachusetts",1819,303,1218,253,157,137,0,12,167,87,45,46,189,120,43,44,10,16,33,42
1500000US250250923002,"Block Group 2, Census Tract 923, Suffolk County, Massachusetts",643,205,147,123,437,190,26,38,0,12,0,12,24,38,9,12,0,12,9,12
1500000US250251402022,"Block Group 2, Census Tract 1402.02, Suffolk County, Massachusetts",1719,521,359,179,869,357,0,12,0,12,0,12,461,410,30,48,0,12,30,48
1500000US250251403005,"Block Group 5, Census Tract 1403, Suffolk County, Massachusetts",1473,424,376,311,780,356,0,12,38,45,0,12,196,235,83,155,0,12,83,155
1500000US250251707022,"Block Group 2, Census Tract 1707.02, Suffolk County, Massachusetts",926,415,616,336,70,69,0,12,64,100,0,12,0,12,176,272,0,12,176,272
1500000US250251402023,"Block Group 3, Census Tract 1402.02, Suffolk County, Massachusetts",1351,336,621,190,307,211,0,12,67,73,0,12,274,283,82,99,0,12,82,99
1500000US250250919004,"Block Group 4, Census Tract 919, Suffolk County, Massachusetts",672,229,38,40,597,209,0,12,0,12,0,12,20,31,17,25,17,25,0,12
1500000US250250005041,"Block Group 1, Census Tract 5.04, Suffolk County, Massachusetts",1372,386,762,266,39,44,64,98,431,328,0,12,0,12,76,104,0,12,76,104
1500000US250250101043,"Block Group 3, Census Tract 101.04, Suffolk County, Massachusetts",1193,200,779,170,12,25,0,12,246,120,0,12,44,44,112,102,0,12,112,102
1500000US250250904004,"Block Group 4, Census Tract 904, Suffolk County, Massachusetts",845,414,26,53,582,284,0,12,0,12,0,12,181,280,56,96,0,12,56,96
1500000US250251702003,"Block Group 3, Census Tract 1702, Suffolk County, Massachusetts",959,525,652,454,86,94,0,12,0,12,0,12,0,12,221,348,0,12,221,348
1500000US250250901005,"Block Group 5, Census Tract 901, Suffolk County, Massachusetts",919,331,36,22,821,338,0,12,0,12,0,12,62,92,0,12,0,12,0,12
1500000US250251403004,"Block Group 4, Census Tract 1403, Suffolk County, Massachusetts",913,447,222,165,615,417,0,12,0,12,0,12,26,38,50,74,50,74,0,12
1500000US250250108022,"Block Group 2, Census Tract 108.02, Suffolk County, Massachusetts",1401,210,1265,226,7,14,0,12,100,63,0,12,12,19,17,17,0,12,17,17
1500000US250250404012,"Block Group 2, Census Tract 404.01, Suffolk County, Massachusetts",837,221,686,170,27,40,0,12,34,32,0,12,0,12,90,94,0,12,90,94
1500000US250250504002,"Block Group 2, Census Tract 504, Suffolk County, Massachusetts",1976,311,1593,336,31,28,15,22,24,17,0,12,125,99,188,106,42,41,146,102
1500000US250250904003,"Block Group 3, Census Tract 904, Suffolk County, Massachusetts",1032,330,59,58,737,285,0,12,127,96,0,12,0,12,109,144,109,144,0,12
1500000US250251009004,"Block Group 4, Census Tract 1009, Suffolk County, Massachusetts",518,302,0,12,490,299,0,12,28,43,0,12,0,12,0,12,0,12,0,12
1500000US250250510002,"Block Group 2, Census Tract 510, Suffolk County, Massachusetts",1162,347,638,248,43,48,0,12,177,154,0,12,29,45,275,244,47,71,228,223
1500000US250251105011,"Block Group 1, Census Tract 1105.01, Suffolk County, Massachusetts",1235,324,992,266,1,5,0,12,18,26,0,12,213,248,11,16,0,12,11,16
1500000US250251011011,"Block Group 1, Census Tract 1011.01, Suffolk County, Massachusetts",1018,448,28,41,806,443,0,12,0,12,0,12,110,147,74,110,74,110,0,12
1500000US250250817005,"Block Group 5, Census Tract 817, Suffolk County, Massachusetts",1217,441,199,127,682,239,283,382,0,12,0,12,26,48,27,43,27,43,0,12
1500000US250251604001,"Block Group 1, Census Tract 1604, Suffolk County, Massachusetts",1365,253,701,164,37,26,0,12,30,34,0,12,164,124,433,193,0,12,433,193
1500000US250250706002,"Block Group 2, Census Tract 706, Suffolk County, Massachusetts",1338,287,1097,271,128,118,0,12,56,48,0,12,0,12,57,58,0,12,57,58
1500000US250251606012,"Block Group 2, Census Tract 1606.01, Suffolk County, Massachusetts",2259,391,1246,374,228,186,0,12,26,37,0,12,175,146,584,360,55,62,529,350
1500000US250251605012,"Block Group 2, Census Tract 1605.01, Suffolk County, Massachusetts",772,318,496,270,61,61,0,12,0,12,0,12,89,74,126,127,0,12,126,127
1500000US250250007042,"Block Group 2, Census Tract 7.04, Suffolk County, Massachusetts",822,202,449,160,33,53,0,12,298,192,0,12,19,30,23,28,0,12,23,28
1500000US250250002012,"Block Group 2, Census Tract 2.01, Suffolk County, Massachusetts",665,217,571,201,0,12,0,12,86,66,0,12,0,12,8,12,8,12,0,12
1500000US250251008002,"Block Group 2, Census Tract 1008, Suffolk County, Massachusetts",1162,386,720,321,167,165,0,12,121,128,0,12,69,57,85,131,0,12,85,131
1500000US250250712012,"Block Group 2, Census Tract 712.01, Suffolk County, Massachusetts",1638,301,400,230,555,175,0,12,225,153,0,12,286,185,172,119,28,22,144,107
1500000US250251101036,"Block Group 6, Census Tract 1101.03, Suffolk County, Massachusetts",819,347,757,350,46,72,0,12,0,12,0,12,16,28,0,12,0,12,0,12
1500000US250250401002,"Block Group 2, Census Tract 401, Suffolk County, Massachusetts",1424,217,1401,220,0,12,0,12,23,26,0,12,0,12,0,12,0,12,0,12
1500000US250251708003,"Block Group 3, Census Tract 1708, Suffolk County, Massachusetts",1069,445,1068,445,0,12,0,12,1,2,0,12,0,12,0,12,0,12,0,12
1500000US250250108021,"Block Group 1, Census Tract 108.02, Suffolk County, Massachusetts",1059,204,903,192,10,15,0,12,69,48,0,12,54,55,23,25,0,12,23,25
1500000US250250907002,"Block Group 2, Census Tract 907, Suffolk County, Massachusetts",1154,244,922,241,46,47,0,12,75,61,0,12,97,115,14,18,0,12,14,18
1500000US250250920002,"Block Group 2, Census Tract 920, Suffolk County, Massachusetts",1553,329,231,102,961,290,35,55,109,114,0,12,194,172,23,37,0,12,23,37
1500000US250250003011,"Block Group 1, Census Tract 3.01, Suffolk County, Massachusetts",631,255,414,225,79,100,0,12,44,43,0,12,94,117,0,12,0,12,0,12
1500000US250250007041,"Block Group 1, Census Tract 7.04, Suffolk County, Massachusetts",1746,412,1097,239,93,93,7,29,411,291,0,12,113,186,25,30,0,12,25,30
1500000US250250915003,"Block Group 3, Census Tract 915, Suffolk County, Massachusetts",1229,456,159,129,549,366,0,12,185,168,0,12,336,307,0,12,0,12,0,12
1500000US250250104052,"Block Group 2, Census Tract 104.05, Suffolk County, Massachusetts",2320,238,1520,204,243,134,0,12,342,93,10,19,105,64,100,56,6,12,94,56
1500000US250250916003,"Block Group 3, Census Tract 916, Suffolk County, Massachusetts",396,238,79,79,48,45,0,12,269,238,0,12,0,12,0,12,0,12,0,12
1500000US250251401024,"Block Group 4, Census Tract 1401.02, Suffolk County, Massachusetts",1439,262,456,137,775,235,0,12,19,28,0,12,152,153,37,43,24,39,13,22
1500000US250251606021,"Block Group 1, Census Tract 1606.02, Suffolk County, Massachusetts",1619,457,795,379,233,131,0,12,95,88,0,12,91,119,405,269,12,20,393,266
1500000US250250912003,"Block Group 3, Census Tract 912, Suffolk County, Massachusetts",652,246,346,156,235,172,0,12,4,9,0,12,0,12,67,49,27,38,40,37
1500000US250250806012,"Block Group 2, Census Tract 806.01, Suffolk County, Massachusetts",736,194,128,58,493,191,0,12,0,12,0,12,82,68,33,38,0,12,33,38
1500000US250251011012,"Block Group 2, Census Tract 1011.01, Suffolk County, Massachusetts",1411,393,11,18,1347,396,0,12,0,12,0,12,0,12,53,62,39,58,14,24
1500000US250250606001,"Block Group 1, Census Tract 606, Suffolk County, Massachusetts",3621,279,3050,294,106,81,0,12,330,118,0,12,2,4,133,64,66,53,67,39
1500000US250251302003,"Block Group 3, Census Tract 1302, Suffolk County, Massachusetts",1584,306,1393,295,50,62,0,12,81,77,0,12,50,76,10,17,0,12,10,17
1500000US250250702002,"Block Group 2, Census Tract 702, Suffolk County, Massachusetts",1120,270,0,12,148,158,39,55,933,241,0,12,0,12,0,12,0,12,0,12
1500000US250251201053,"Block Group 3, Census Tract 1201.05, Suffolk County, Massachusetts",500,87,463,82,21,15,0,12,15,14,0,12,0,12,1,4,0,12,1,4
1500000US250250107022,"Block Group 2, Census Tract 107.02, Suffolk County, Massachusetts",774,132,662,122,10,13,0,12,55,36,0,12,18,24,29,33,0,12,29,33
1500000US250250711012,"Block Group 2, Census Tract 711.01, Suffolk County, Massachusetts",1312,379,825,233,123,85,0,12,244,258,0,12,93,87,27,41,0,12,27,41
1500000US250250922003,"Block Group 3, Census Tract 922, Suffolk County, Massachusetts",862,210,250,145,456,202,0,12,107,139,0,12,0,12,49,49,0,12,49,49
1500000US250250923003,"Block Group 3, Census Tract 923, Suffolk County, Massachusetts",1407,277,138,99,1269,273,0,12,0,12,0,12,0,12,0,12,0,12,0,12
1500000US250250406001,"Block Group 1, Census Tract 406, Suffolk County, Massachusetts",1263,217,998,204,156,141,0,12,34,40,0,12,2,4,73,59,0,12,73,59
1500000US250250706001,"Block Group 1, Census Tract 706, Suffolk County, Massachusetts",1221,232,1047,212,2,5,0,12,141,139,0,12,23,27,8,13,0,12,8,13
1500000US250251703007,"Block Group 7, Census Tract 1703, Suffolk County, Massachusetts",605,316,605,316,0,12,0,12,0,12,0,12,0,12,0,12,0,12,0,12
1500000US250250703002,"Block Group 2, Census Tract 703, Suffolk County, Massachusetts",850,214,758,250,0,12,0,12,92,86,0,12,0,12,0,12,0,12,0,12
1500000US250250906002,"Block Group 2, Census Tract 906, Suffolk County, Massachusetts",1426,283,85,51,1029,291,0,12,47,54,0,12,236,126,29,36,29,36,0,12
1500000US250250004014,"Block Group 4, Census Tract 4.01, Suffolk County, Massachusetts",2262,403,1342,328,59,95,0,12,764,309,0,12,75,97,22,37,0,12,22,37
1500000US250251011024,"Block Group 4, Census Tract 1011.02, Suffolk County, Massachusetts",1329,432,87,80,1080,402,0,12,37,60,0,12,115,167,10,16,10,16,0,12
1500000US250251705011,"Block Group 1, Census Tract 1705.01, Suffolk County, Massachusetts",2334,289,1819,308,82,74,0,12,165,118,0,12,176,145,92,110,0,12,92,110
1500000US250250003022,"Block Group 2, Census Tract 3.02, Suffolk County, Massachusetts",1650,424,1084,289,201,310,0,12,291,151,0,12,73,70,1,2,0,12,1,2
1500000US250250102032,"Block Group 2, Census Tract 102.03, Suffolk County, Massachusetts",2214,580,1282,453,53,48,0,12,517,203,0,12,86,74,276,404,0,12,276,404
1500000US250250002024,"Block Group 4, Census Tract 2.02, Suffolk County, Massachusetts",925,387,198,187,118,134,0,12,14,24,0,12,569,388,26,42,0,12,26,42
1500000US250251010022,"Block Group 2, Census Tract 1010.02, Suffolk County, Massachusetts",2323,622,235,262,1969,608,22,37,0,12,0,12,14,31,83,100,0,12,83,100
1500000US250251011023,"Block Group 3, Census Tract 1011.02, Suffolk County, Massachusetts",1390,402,129,121,1200,371,0,12,0,12,0,12,0,12,61,69,0,12,61,69
1500000US250251304042,"Block Group 2, Census Tract 1304.04, Suffolk County, Massachusetts",720,245,600,221,44,44,0,12,57,68,0,12,0,12,19,23,0,12,19,23
1500000US250250912001,"Block Group 1, Census Tract 912, Suffolk County, Massachusetts",1492,474,413,122,379,192,26,39,451,410,0,12,93,98,130,138,20,25,110,132
1500000US250250406002,"Block Group 2, Census Tract 406, Suffolk County, Massachusetts",1800,220,1704,217,0,12,0,12,51,52,0,12,23,37,22,36,0,12,22,36
1500000US250250511013,"Block Group 3, Census Tract 511.01, Suffolk County, Massachusetts",2111,671,1426,530,0,12,0,12,76,106,0,12,0,12,609,579,37,60,572,576
1500000US250250605011,"Block Group 1, Census Tract 605.01, Suffolk County, Massachusetts",919,270,888,262,0,12,0,12,0,12,0,12,0,12,31,48,0,12,31,48
1500000US250251301006,"Block Group 6, Census Tract 1301, Suffolk County, Massachusetts",288,159,209,99,14,13,0,12,38,58,0,12,0,12,27,44,0,12,27,44
1500000US250251301002,"Block Group 2, Census Tract 1301, Suffolk County, Massachusetts",1901,423,966,343,70,74,0,12,566,231,0,12,45,56,254,243,0,12,254,243
1500000US250251203013,"Block Group 3, Census Tract 1203.01, Suffolk County, Massachusetts",1615,407,1045,301,381,270,0,12,56,46,0,12,74,65,59,59,12,19,47,56
1500000US250251205002,"Block Group 2, Census Tract 1205, Suffolk County, Massachusetts",990,209,541,158,89,82,7,10,57,45,0,12,230,142,66,63,15,18,51,60
1500000US250250820002,"Block Group 2, Census Tract 820, Suffolk County, Massachusetts",519,251,0,12,484,256,0,12,0,12,0,12,35,61,0,12,0,12,0,12
1500000US250251202013,"Block Group 3, Census Tract 1202.01, Suffolk County, Massachusetts",511,127,310,106,76,53,11,17,40,34,0,12,52,61,22,35,0,12,22,35
1500000US250250911001,"Block Group 1, Census Tract 911, Suffolk County, Massachusetts",1707,365,1074,271,128,117,0,12,299,242,0,12,62,48,144,96,0,12,144,96
1500000US250251404005,"Block Group 5, Census Tract 1404, Suffolk County, Massachusetts",2116,591,151,167,1865,583,0,12,0,12,0,12,40,62,60,59,17,29,43,50
1500000US250250003012,"Block Group 2, Census Tract 3.01, Suffolk County, Massachusetts",824,247,706,246,46,40,0,12,69,65,0,12,3,8,0,12,0,12,0,12
1500000US250250803001,"Block Group 1, Census Tract 803, Suffolk County, Massachusetts",2089,351,193,112,1451,333,44,46,47,58,0,12,230,104,124,82,52,68,72,49
1500000US250251401061,"Block Group 1, Census Tract 1401.06, Suffolk County, Massachusetts",1355,274,420,147,603,185,0,12,44,31,0,12,200,129,88,62,16,25,72,56
1500000US250251201042,"Block Group 2, Census Tract 1201.04, Suffolk County, Massachusetts",676,191,358,130,135,137,0,12,40,36,0,12,81,65,62,95,0,12,62,95
1500000US250251703006,"Block Group 6, Census Tract 1703, Suffolk County, Massachusetts",1809,558,1637,536,40,66,0,12,0,12,0,12,93,112,39,58,0,12,39,58
1500000US250251004004,"Block Group 4, Census Tract 1004, Suffolk County, Massachusetts",1980,495,122,112,1549,485,4,9,39,155,0,12,81,89,185,256,3,7,182,255
1500000US250250507001,"Block Group 1, Census Tract 507, Suffolk County, Massachusetts",2548,515,1154,391,0,12,0,12,0,12,0,12,82,94,1312,406,21,33,1291,413
1500000US250250004011,"Block Group 1, Census Tract 4.01, Suffolk County, Massachusetts",1422,312,1221,308,23,37,0,12,86,86,0,12,14,24,78,62,0,12,78,62
1500000US250250102034,"Block Group 4, Census Tract 102.03, Suffolk County, Massachusetts",460,172,427,167,0,12,0,12,33,30,0,12,0,12,0,12,0,12,0,12
1500000US250250201014,"Block Group 4, Census Tract 201.01, Suffolk County, Massachusetts",1638,323,1563,333,22,35,0,12,26,41,0,12,0,12,27,32,0,12,27,32
1500000US250251701005,"Block Group 5, Census Tract 1701, Suffolk County, Massachusetts",1260,435,893,400,166,191,0,12,16,26,0,12,82,104,103,101,83,97,20,31
1500000US250250603012,"Block Group 2, Census Tract 603.01, Suffolk County, Massachusetts",871,294,871,294,0,12,0,12,0,12,0,12,0,12,0,12,0,12,0,12
1500000US250250402001,"Block Group 1, Census Tract 402, Suffolk County, Massachusetts",931,246,248,146,431,255,0,12,19,23,0,12,156,156,77,57,4,8,73,55
1500000US250250007013,"Block Group 3, Census Tract 7.01, Suffolk County, Massachusetts",623,248,369,137,165,245,0,12,75,59,0,12,0,12,14,21,0,12,14,21
1500000US250250903001,"Block Group 1, Census Tract 903, Suffolk County, Massachusetts",867,321,46,64,701,321,0,12,0,12,0,12,120,127,0,12,0,12,0,12
1500000US250250903003,"Block Group 3, Census Tract 903, Suffolk County, Massachusetts",954,358,2,4,904,359,0,12,0,12,0,12,0,12,48,55,0,12,48,55
1500000US250251701003,"Block Group 3, Census Tract 1701, Suffolk County, Massachusetts",829,264,691,234,20,31,0,12,0,12,0,12,0,12,118,150,0,12,118,150
1500000US250250821001,"Block Group 1, Census Tract 821, Suffolk County, Massachusetts",801,428,114,104,282,139,0,12,0,12,0,12,316,415,89,101,0,12,89,101
1500000US250250002014,"Block Group 4, Census Tract 2.01, Suffolk County, Massachusetts",807,252,513,153,135,177,0,12,65,46,0,12,56,67,38,48,0,12,38,48
1500000US250250810011,"Block Group 1, Census Tract 810.01, Suffolk County, Massachusetts",661,394,105,101,58,69,0,12,228,175,0,12,255,347,15,25,0,12,15,25
1500000US250250403003,"Block Group 3, Census Tract 403, Suffolk County, Massachusetts",597,152,548,144,0,12,0,12,23,25,0,12,0,12,26,40,0,12,26,40
1500000US250250910011,"Block Group 1, Census Tract 910.01, Suffolk County, Massachusetts",951,259,146,94,182,145,5,8,600,255,0,12,18,24,0,12,0,12,0,12
1500000US250250101032,"Block Group 2, Census Tract 101.03, Suffolk County, Massachusetts",1149,306,563,122,71,80,1,3,417,178,0,12,61,82,36,36,8,17,28,32
1500000US250251707012,"Block Group 2, Census Tract 1707.01, Suffolk County, Massachusetts",1385,184,991,185,40,48,0,12,160,107,0,12,116,102,78,60,0,12,78,60
1500000US250250704021,"Block Group 1, Census Tract 704.02, Suffolk County, Massachusetts",2398,195,824,129,294,124,19,30,1136,143,0,12,87,66,38,24,0,12,38,24
1500000US250251606025,"Block Group 5, Census Tract 1606.02, Suffolk County, Massachusetts",1110,411,492,205,176,217,0,12,0,12,0,12,57,60,385,305,0,12,385,305
1500000US250250402002,"Block Group 2, Census Tract 402, Suffolk County, Massachusetts",1111,181,1019,184,0,12,0,12,92,71,0,12,0,12,0,12,0,12,0,12
1500000US250250008024,"Block Group 4, Census Tract 8.02, Suffolk County, Massachusetts",1458,415,1001,357,65,89,32,52,298,209,0,12,0,12,62,58,0,12,62,58
1500000US250251605011,"Block Group 1, Census Tract 1605.01, Suffolk County, Massachusetts",2529,585,934,479,68,69,0,12,56,68,0,12,63,72,1408,500,0,12,1408,500
1500000US250251606022,"Block Group 2, Census Tract 1606.02, Suffolk County, Massachusetts",803,288,336,151,26,42,0,12,80,65,0,12,354,252,7,11,0,12,7,11
1500000US250250912002,"Block Group 2, Census Tract 912, Suffolk County, Massachusetts",1121,260,572,209,381,208,0,12,9,12,0,12,78,62,81,74,27,31,54,55
1500000US250251007001,"Block Group 1, Census Tract 1007, Suffolk County, Massachusetts",934,286,892,288,24,26,0,12,11,18,0,12,0,12,7,12,0,12,7,12
1500000US250250408011,"Block Group 1, Census Tract 408.01, Suffolk County, Massachusetts",1042,287,299,232,492,195,0,12,47,44,0,12,123,163,81,71,0,12,81,71
1500000US250251702004,"Block Group 4, Census Tract 1702, Suffolk County, Massachusetts",1208,285,1120,300,62,58,0,12,26,31,0,12,0,12,0,12,0,12,0,12
1500000US250251011021,"Block Group 1, Census Tract 1011.02, Suffolk County, Massachusetts",823,255,0,12,789,246,0,12,0,12,0,12,21,33,13,22,0,12,13,22
1500000US250250605014,"Block Group 4, Census Tract 605.01, Suffolk County, Massachusetts",504,152,481,148,0,12,0,12,23,37,0,12,0,12,0,12,0,12,0,12
1500000US250251601011,"Block Group 1, Census Tract 1601.01, Suffolk County, Massachusetts",2454,971,1430,846,18,35,0,12,38,61,0,12,0,12,968,643,0,12,968,643
1500000US250251003004,"Block Group 4, Census Tract 1003, Suffolk County, Massachusetts",758,285,82,96,676,285,0,12,0,12,0,12,0,12,0,12,0,12,0,12
1500000US250250919002,"Block Group 2, Census Tract 919, Suffolk County, Massachusetts",964,296,9,15,890,305,0,12,38,107,0,12,0,12,27,34,18,30,9,15
1500000US250251606011,"Block Group 1, Census Tract 1606.01, Suffolk County, Massachusetts",2464,390,1492,392,111,84,0,12,240,192,0,12,222,154,399,262,25,65,374,248
1500000US250250008022,"Block Group 2, Census Tract 8.02, Suffolk County, Massachusetts",1661,521,998,305,103,152,0,12,284,183,0,12,255,225,21,35,0,12,21,35
1500000US250250305001,"Block Group 1, Census Tract 305, Suffolk County, Massachusetts",623,112,592,98,26,41,0,12,5,9,0,12,0,12,0,12,0,12,0,12
1500000US250250004013,"Block Group 3, Census Tract 4.01, Suffolk County, Massachusetts",965,253,791,260,0,12,0,12,158,158,0,12,0,12,16,25,0,12,16,25
1500000US250251805002,"Block Group 2, Census Tract 1805, Suffolk County, Massachusetts",602,240,594,241,8,12,0,12,0,12,0,12,0,12,0,12,0,12,0,12
1500000US250250604002,"Block Group 2, Census Tract 604, Suffolk County, Massachusetts",1298,363,1298,363,0,12,0,12,0,12,0,12,0,12,0,12,0,12,0,12
1500000US250251703001,"Block Group 1, Census Tract 1703, Suffolk County, Massachusetts",1620,447,1140,413,104,92,0,12,319,192,0,12,19,30,38,46,21,35,17,28
1500000US250250403001,"Block Group 1, Census Tract 403, Suffolk County, Massachusetts",778,284,236,162,282,200,0,12,201,227,0,12,0,12,59,76,17,27,42,70
1500000US250250918001,"Block Group 1, Census Tract 918, Suffolk County, Massachusetts",1307,258,76,56,751,248,0,12,69,105,0,12,364,218,47,49,21,33,26,36
1500000US250250608002,"Block Group 2, Census Tract 608, Suffolk County, Massachusetts",1155,352,969,314,2,5,0,12,162,274,0,12,22,34,0,12,0,12,0,12
1500000US250251104035,"Block Group 5, Census Tract 1104.03, Suffolk County, Massachusetts",906,238,540,157,201,138,0,12,0,12,0,12,17,36,148,106,0,12,148,106
1500000US250250512001,"Block Group 1, Census Tract 512, Suffolk County, Massachusetts",194,130,132,111,0,12,11,19,40,60,0,12,11,18,0,12,0,12,0,12
1500000US250251010014,"Block Group 4, Census Tract 1010.01, Suffolk County, Massachusetts",1573,545,55,89,1481,540,0,12,0,12,0,12,0,12,37,61,0,12,37,61
1500000US250250202003,"Block Group 3, Census Tract 202, Suffolk County, Massachusetts",1332,326,1221,318,0,12,0,12,61,51,0,12,0,12,50,43,0,12,50,43
1500000US250251011022,"Block Group 2, Census Tract 1011.02, Suffolk County, Massachusetts",1595,402,143,181,1452,367,0,12,0,12,0,12,0,12,0,12,0,12,0,12
1500000US250250403004,"Block Group 4, Census Tract 403, Suffolk County, Massachusetts",658,192,622,211,0,12,0,12,10,16,0,12,0,12,26,32,0,12,26,32
1500000US250250202001,"Block Group 1, Census Tract 202, Suffolk County, Massachusetts",1237,236,993,240,93,101,0,12,112,73,0,12,21,27,18,29,0,12,18,29
1500000US250250102031,"Block Group 1, Census Tract 102.03, Suffolk County, Massachusetts",1053,277,842,263,16,23,0,12,97,62,0,12,83,77,15,24,0,12,15,24
1500000US250250701013,"Block Group 3, Census Tract 701.01, Suffolk County, Massachusetts",868,251,440,202,28,45,0,12,368,142,0,12,15,34,17,30,0,12,17,30
1500000US250250002023,"Block Group 3, Census Tract 2.02, Suffolk County, Massachusetts",953,307,707,295,0,12,0,12,227,126,0,12,19,28,0,12,0,12,0,12
1500000US250250506001,"Block Group 1, Census Tract 506, Suffolk County, Massachusetts",1133,324,876,313,30,51,0,12,20,30,0,12,7,11,200,164,0,12,200,164
1500000US250251010021,"Block Group 1, Census Tract 1010.02, Suffolk County, Massachusetts",1215,408,296,251,852,428,0,12,0,12,0,12,48,88,19,35,0,12,19,35
1500000US250250512003,"Block Group 3, Census Tract 512, Suffolk County, Massachusetts",898,209,782,190,0,12,0,12,22,21,0,12,24,34,70,75,0,12,70,75
1500000US250250006011,"Block Group 1, Census Tract 6.01, Suffolk County, Massachusetts",807,238,640,244,31,47,0,12,80,58,0,12,0,12,56,62,16,21,40,58
1500000US250250814002,"Block Group 2, Census Tract 814, Suffolk County, Massachusetts",601,196,325,186,208,116,0,12,41,43,0,12,0,12,27,34,7,12,20,32
1500000US250250805001,"Block Group 1, Census Tract 805, Suffolk County, Massachusetts",1105,221,252,121,504,176,0,12,154,90,0,12,154,116,41,47,0,12,41,47
1500000US250250006022,"Block Group 2, Census Tract 6.02, Suffolk County, Massachusetts",1113,315,868,291,0,12,12,21,120,94,0,12,91,98,22,36,0,12,22,36
1500000US250250603013,"Block Group 3, Census Tract 603.01, Suffolk County, Massachusetts",1494,301,1459,300,7,17,0,12,11,17,0,12,7,16,10,17,0,12,10,17
1500000US250251303002,"Block Group 2, Census Tract 1303, Suffolk County, Massachusetts",998,270,856,243,78,117,0,12,29,38,0,12,0,12,35,50,0,12,35,50
1500000US250251106071,"Block Group 1, Census Tract 1106.07, Suffolk County, Massachusetts",901,286,731,292,0,12,0,12,101,122,0,12,0,12,69,87,0,12,69,87
1500000US250251304021,"Block Group 1, Census Tract 1304.02, Suffolk County, Massachusetts",1196,319,984,296,55,86,0,12,52,65,0,12,10,16,95,90,0,12,95,90
1500000US250250910014,"Block Group 4, Census Tract 910.01, Suffolk County, Massachusetts",810,220,631,205,146,157,0,12,33,32,0,12,0,12,0,12,0,12,0,12
1500000US250250702001,"Block Group 1, Census Tract 702, Suffolk County, Massachusetts",1273,342,137,51,6,6,0,12,1107,340,0,12,3,6,20,25,3,6,17,24
1500000US250250921014,"Block Group 4, Census Tract 921.01, Suffolk County, Massachusetts",1291,516,171,182,152,139,0,12,681,258,0,12,287,379,0,12,0,12,0,12
1500000US250251005005,"Block Group 5, Census Tract 1005, Suffolk County, Massachusetts",1935,701,368,338,1386,581,34,44,0,12,0,12,0,12,147,139,45,73,102,94
1500000US250251002002,"Block Group 2, Census Tract 1002, Suffolk County, Massachusetts",617,233,114,132,432,167,0,12,0,12,0,12,57,87,14,21,0,12,14,21
1500000US250250909012,"Block Group 2, Census Tract 909.01, Suffolk County, Massachusetts",1925,292,810,243,162,83,17,28,680,164,0,12,211,145,45,31,0,12,45,31
1500000US250251601013,"Block Group 3, Census Tract 1601.01, Suffolk County, Massachusetts",2654,713,1175,539,304,235,23,37,0,12,0,12,346,288,806,529,29,46,777,531
1500000US250251704001,"Block Group 1, Census Tract 1704, Suffolk County, Massachusetts",890,424,650,246,89,120,0,12,0,12,0,12,0,12,151,215,0,12,151,215
1500000US250251008003,"Block Group 3, Census Tract 1008, Suffolk County, Massachusetts",1123,386,591,218,399,255,0,12,68,81,0,12,0,12,65,88,0,12,65,88
1500000US250250105003,"Block Group 3, Census Tract 105, Suffolk County, Massachusetts",1140,250,707,238,291,159,0,12,78,62,0,12,64,76,0,12,0,12,0,12
1500000US250251010016,"Block Group 6, Census Tract 1010.01, Suffolk County, Massachusetts",1727,834,210,171,1412,765,0,12,0,12,0,12,0,12,105,128,0,12,105,128
1500000US250251007003,"Block Group 3, Census Tract 1007, Suffolk County, Massachusetts",944,288,942,288,1,3,0,12,0,12,0,12,0,12,1,3,0,12,1,3
1500000US250251010015,"Block Group 5, Census Tract 1010.01, Suffolk County, Massachusetts",1030,502,124,152,906,483,0,12,0,12,0,12,0,12,0,12,0,12,0,12
1500000US250251204002,"Block Group 2, Census Tract 1204, Suffolk County, Massachusetts",673,257,467,257,25,30,0,12,126,108,0,12,14,35,41,67,0,12,41,67
1500000US250259818001,"Block Group 1, Census Tract 9818, Suffolk County, Massachusetts",26,20,17,13,9,16,0,12,0,12,0,12,0,12,0,12,0,12,0,12
1500000US250250817004,"Block Group 4, Census Tract 817, Suffolk County, Massachusetts",911,361,74,57,512,246,0,12,193,232,0,12,110,134,22,18,0,12,22,18
1500000US250251605013,"Block Group 3, Census Tract 1605.01, Suffolk County, Massachusetts",541,338,168,170,0,12,0,12,39,62,0,12,43,72,291,283,0,12,291,283
1500000US250250924002,"Block Group 2, Census Tract 924, Suffolk County, Massachusetts",985,440,133,142,750,419,0,12,34,73,0,12,68,118,0,12,0,12,0,12
1500000US250251603001,"Block Group 1, Census Tract 1603, Suffolk County, Massachusetts",1734,203,1313,160,161,90,0,12,42,36,0,12,79,70,139,108,0,12,139,108
1500000US250250910013,"Block Group 3, Census Tract 910.01, Suffolk County, Massachusetts",428,180,428,180,0,12,0,12,0,12,0,12,0,12,0,12,0,12,0,12
1500000US250251301005,"Block Group 5, Census Tract 1301, Suffolk County, Massachusetts",1075,473,1075,473,0,12,0,12,0,12,0,12,0,12,0,12,0,12,0,12
1500000US250250611011,"Block Group 1, Census Tract 611.01, Suffolk County, Massachusetts",666,168,306,134,120,63,0,12,151,94,0,12,50,56,39,39,5,8,34,38
1500000US250250819001,"Block Group 1, Census Tract 819, Suffolk County, Massachusetts",905,258,10,16,687,209,0,12,0,12,0,12,208,190,0,12,0,12,0,12
1500000US250250502003,"Block Group 3, Census Tract 502, Suffolk County, Massachusetts",1140,466,452,315,87,113,0,12,35,54,0,12,42,50,524,376,48,62,476,374
1500000US250251206002,"Block Group 2, Census Tract 1206, Suffolk County, Massachusetts",697,146,563,139,44,34,0,12,15,16,0,12,58,64,17,21,0,12,17,21
1500000US250251202011,"Block Group 1, Census Tract 1202.01, Suffolk County, Massachusetts",1380,223,972,185,226,120,0,12,65,53,0,12,66,58,51,47,0,12,51,47
1500000US250250408012,"Block Group 2, Census Tract 408.01, Suffolk County, Massachusetts",1024,272,181,152,29,33,0,12,684,275,0,12,82,91,48,61,0,12,48,61
1500000US250251011013,"Block Group 3, Census Tract 1011.01, Suffolk County, Massachusetts",1421,363,38,31,1276,381,0,12,62,94,0,12,20,22,25,39,0,12,25,39
1500000US250251601012,"Block Group 2, Census Tract 1601.01, Suffolk County, Massachusetts",1872,593,938,525,101,88,0,12,185,220,0,12,336,247,312,223,27,41,285,224
1500000US250250102042,"Block Group 2, Census Tract 102.04, Suffolk County, Massachusetts",1442,251,926,240,44,42,0,12,334,101,0,12,35,26,103,64,12,17,91,61
1500000US250250911004,"Block Group 4, Census Tract 911, Suffolk County, Massachusetts",859,234,364,134,35,40,1,7,266,178,0,12,141,138,52,62,0,12,52,62
1500000US250251705012,"Block Group 2, Census Tract 1705.01, Suffolk County, Massachusetts",1403,251,960,187,38,58,0,12,54,49,0,12,185,160,166,137,34,54,132,126
1500000US250259812021,"Block Group 1, Census Tract 9812.02, Suffolk County, Massachusetts",215,39,172,59,27,35,0,12,9,22,0,12,0,12,7,17,0,12,7,17
1500000US250251104011,"Block Group 1, Census Tract 1104.01, Suffolk County, Massachusetts",1653,326,649,200,561,294,0,12,83,91,0,12,308,182,52,50,40,47,12,17
1500000US250250105001,"Block Group 1, Census Tract 105, Suffolk County, Massachusetts",1047,300,631,217,56,37,0,12,188,100,0,12,95,82,77,60,0,12,77,60
1500000US250251402021,"Block Group 1, Census Tract 1402.02, Suffolk County, Massachusetts",1187,356,510,250,420,255,0,12,121,170,0,12,0,12,136,157,108,138,28,49
1500000US250250404011,"Block Group 1, Census Tract 404.01, Suffolk County, Massachusetts",2116,234,1744,298,27,48,0,12,168,136,0,12,151,188,26,36,0,12,26,36
1500000US250250002011,"Block Group 1, Census Tract 2.01, Suffolk County, Massachusetts",1221,212,873,203,16,25,0,12,158,113,0,12,157,123,17,26,0,12,17,26
1500000US250250806013,"Block Group 3, Census Tract 806.01, Suffolk County, Massachusetts",436,103,93,59,273,101,13,21,0,12,0,12,40,37,17,16,0,12,17,16
1500000US250250608003,"Block Group 3, Census Tract 608, Suffolk County, Massachusetts",823,262,689,215,0,12,61,104,73,63,0,12,0,12,0,12,0,12,0,12
1500000US250259813001,"Block Group 1, Census Tract 9813, Suffolk County, Massachusetts",0,12,0,12,0,12,0,12,0,12,0,12,0,12,0,12,0,12,0,12
1500000US250251605021,"Block Group 1, Census Tract 1605.02, Suffolk County, Massachusetts",2207,554,1219,331,48,47,0,12,63,90,0,12,89,90,788,423,32,54,756,429
1500000US250251703005,"Block Group 5, Census Tract 1703, Suffolk County, Massachusetts",1754,616,1612,591,0,12,0,12,78,142,0,12,64,101,0,12,0,12,0,12
1500000US250250007032,"Block Group 2, Census Tract 7.03, Suffolk County, Massachusetts",1156,180,776,150,30,36,0,12,299,148,0,12,29,36,22,18,0,12,22,18
1500000US250251402025,"Block Group 5, Census Tract 1402.02, Suffolk County, Massachusetts",735,185,657,172,46,72,0,12,22,25,0,12,0,12,10,16,10,16,0,12
1500000US250251706014,"Block Group 4, Census Tract 1706.01, Suffolk County, Massachusetts",1362,572,1029,558,59,93,23,37,0,12,0,12,82,88,169,242,0,12,169,242
1500000US250251804001,"Block Group 1, Census Tract 1804, Suffolk County, Massachusetts",1097,162,970,181,50,65,0,12,13,18,0,12,10,15,54,42,8,12,46,41
1500000US250250809003,"Block Group 3, Census Tract 809, Suffolk County, Massachusetts",917,237,781,229,10,17,0,12,107,73,0,12,12,18,7,11,0,12,7,11
1500000US250250103001,"Block Group 1, Census Tract 103, Suffolk County, Massachusetts",1513,173,1191,181,76,52,0,12,146,73,0,12,79,35,21,22,10,12,11,17
1500000US250251602003,"Block Group 3, Census Tract 1602, Suffolk County, Massachusetts",1751,457,1065,349,18,27,0,12,0,12,0,12,25,45,643,434,0,12,643,434
1500000US250250003014,"Block Group 4, Census Tract 3.01, Suffolk County, Massachusetts",759,265,482,169,0,12,0,12,96,97,0,12,164,127,17,20,0,12,17,20
1500000US250250104042,"Block Group 2, Census Tract 104.04, Suffolk County, Massachusetts",1730,263,1106,255,54,38,5,10,476,202,0,12,45,49,44,32,4,7,40,32
1500000US250251104032,"Block Group 2, Census Tract 1104.03, Suffolk County, Massachusetts",912,311,485,162,375,257,0,12,27,33,0,12,25,38,0,12,0,12,0,12
1500000US250251404004,"Block Group 4, Census Tract 1404, Suffolk County, Massachusetts",542,201,0,12,409,181,0,12,0,12,0,12,133,162,0,12,0,12,0,12
1500000US250251105012,"Block Group 2, Census Tract 1105.01, Suffolk County, Massachusetts",1419,289,1010,234,208,196,0,12,24,38,0,12,105,101,72,59,0,12,72,59
1500000US250259812011,"Block Group 1, Census Tract 9812.01, Suffolk County, Massachusetts",0,12,0,12,0,12,0,12,0,12,0,12,0,12,0,12,0,12,0,12
1500000US250250101033,"Block Group 3, Census Tract 101.03, Suffolk County, Massachusetts",1519,156,1014,128,49,26,0,12,296,84,0,12,49,30,111,61,9,17,102,57
1500000US250250107021,"Block Group 1, Census Tract 107.02, Suffolk County, Massachusetts",761,133,699,129,14,12,4,6,38,34,0,12,0,12,6,9,0,12,6,9
1500000US250250601013,"Block Group 3, Census Tract 601.01, Suffolk County, Massachusetts",1050,281,1015,274,7,11,0,12,5,9,0,12,0,12,23,37,0,12,23,37
1500000US250251101032,"Block Group 2, Census Tract 1101.03, Suffolk County, Massachusetts",744,509,453,320,271,390,0,12,0,12,0,12,20,60,0,12,0,12,0,12
1500000US250251201041,"Block Group 1, Census Tract 1201.04, Suffolk County, Massachusetts",627,145,596,141,0,12,0,12,0,12,0,12,0,12,31,33,0,12,31,33
1500000US250250004022,"Block Group 2, Census Tract 4.02, Suffolk County, Massachusetts",989,188,708,167,12,20,0,12,202,94,0,12,22,28,45,43,19,25,26,25
1500000US250250005024,"Block Group 4, Census Tract 5.02, Suffolk County, Massachusetts",2696,305,2127,275,69,49,0,12,328,129,0,12,34,28,138,74,33,29,105,64
1500000US250251401062,"Block Group 2, Census Tract 1401.06, Suffolk County, Massachusetts",830,196,268,163,481,195,0,12,0,12,0,12,38,39,43,47,18,25,25,39
1500000US250250101041,"Block Group 1, Census Tract 101.04, Suffolk County, Massachusetts",1150,188,909,191,35,37,0,12,140,69,0,12,21,17,45,30,0,12,45,30
1500000US250250006023,"Block Group 3, Census Tract 6.02, Suffolk County, Massachusetts",1477,334,471,188,218,155,22,35,308,177,0,12,440,311,18,29,0,12,18,29
1500000US250250909011,"Block Group 1, Census Tract 909.01, Suffolk County, Massachusetts",1864,317,443,214,249,151,19,30,395,124,0,12,725,260,33,49,0,12,33,49
1500000US250251803014,"Block Group 4, Census Tract 1803.01, Suffolk County, Massachusetts",724,204,706,194,10,26,0,12,0,12,0,12,0,12,8,20,0,12,8,20
1500000US250250104031,"Block Group 1, Census Tract 104.03, Suffolk County, Massachusetts",1032,173,530,138,219,139,14,26,171,91,0,12,98,106,0,12,0,12,0,12
1500000US250251106011,"Block Group 1, Census Tract 1106.01, Suffolk County, Massachusetts",1861,220,1571,232,66,49,0,12,100,64,0,12,18,21,106,69,18,31,88,60
1500000US250251602001,"Block Group 1, Census Tract 1602, Suffolk County, Massachusetts",1438,396,472,243,11,17,0,12,4,7,0,12,129,124,822,395,85,93,737,391
1500000US250250611012,"Block Group 2, Census Tract 611.01, Suffolk County, Massachusetts",1634,223,508,181,493,190,0,12,257,107,0,12,262,127,114,74,63,69,51,46
1500000US250251009003,"Block Group 3, Census Tract 1009, Suffolk County, Massachusetts",1377,333,371,138,731,271,0,12,29,35,0,12,175,123,71,55,0,12,71,55
1500000US250250510001,"Block Group 1, Census Tract 510, Suffolk County, Massachusetts",2428,513,1763,395,116,160,0,12,22,36,0,12,320,220,207,191,0,12,207,191
1500000US250251204004,"Block Group 4, Census Tract 1204, Suffolk County, Massachusetts",2253,586,1843,555,217,223,0,12,82,59,0,12,12,30,99,91,0,12,99,91
1500000US250251008001,"Block Group 1, Census Tract 1008, Suffolk County, Massachusetts",698,376,240,204,251,356,0,12,207,216,0,12,0,12,0,12,0,12,0,12
1500000US250250914001,"Block Group 1, Census Tract 914, Suffolk County, Massachusetts",2017,251,290,131,938,176,41,62,26,30,0,12,575,185,147,95,75,64,72,67
1500000US250250401001,"Block Group 1, Census Tract 401, Suffolk County, Massachusetts",1039,271,1014,272,0,12,0,12,21,32,0,12,0,12,4,6,0,12,4,6
1500000US250250601011,"Block Group 1, Census Tract 601.01, Suffolk County, Massachusetts",1095,224,1095,224,0,12,0,12,0,12,0,12,0,12,0,12,0,12,0,12
1500000US250250008025,"Block Group 5, Census Tract 8.02, Suffolk County, Massachusetts",1787,347,983,293,67,53,0,12,519,178,0,12,174,169,44,44,19,19,25,40
1500000US250250703003,"Block Group 3, Census Tract 703, Suffolk County, Massachusetts",1099,346,821,324,0,12,0,12,23,34,0,12,96,85,159,205,18,29,141,203
1500000US250250604005,"Block Group 5, Census Tract 604, Suffolk County, Massachusetts",922,323,810,281,24,27,0,12,75,90,0,12,13,17,0,12,0,12,0,12
1500000US250251708002,"Block Group 2, Census Tract 1708, Suffolk County, Massachusetts",1206,398,1042,378,0,12,0,12,70,76,0,12,42,40,52,80,0,12,52,80
1500000US250251602002,"Block Group 2, Census Tract 1602, Suffolk County, Massachusetts",931,351,343,179,78,76,0,12,38,58,0,12,155,114,317,252,0,12,317,252
1500000US250250501013,"Block Group 3, Census Tract 501.01, Suffolk County, Massachusetts",2027,409,1439,303,24,26,0,12,35,54,0,12,142,162,387,235,55,61,332,226
1500000US250251006013,"Block Group 3, Census Tract 1006.01, Suffolk County, Massachusetts",1421,531,213,143,1056,536,0,12,18,30,0,12,108,156,26,42,0,12,26,42
1500000US250251302002,"Block Group 2, Census Tract 1302, Suffolk County, Massachusetts",1228,252,1074,251,27,20,0,12,27,30,0,12,0,12,100,84,0,12,100,84
1500000US250251701007,"Block Group 7, Census Tract 1701, Suffolk County, Massachusetts",1243,484,926,385,49,79,0,12,19,48,0,12,198,293,51,81,51,81,0,12
1500000US250250304001,"Block Group 1, Census Tract 304, Suffolk County, Massachusetts",1619,259,1527,249,4,9,0,12,41,50,0,12,47,51,0,12,0,12,0,12
1500000US250251708004,"Block Group 4, Census Tract 1708, Suffolk County, Massachusetts",778,277,661,204,102,164,0,12,15,30,0,12,0,12,0,12,0,12,0,12
1500000US250250006013,"Block Group 3, Census Tract 6.01, Suffolk County, Massachusetts",711,185,586,169,35,44,12,24,50,51,0,12,0,12,28,32,18,26,10,17
1500000US250250007044,"Block Group 4, Census Tract 7.04, Suffolk County, Massachusetts",1104,287,226,177,183,90,0,12,356,224,0,12,249,215,90,60,37,54,53,40
1500000US250250201012,"Block Group 2, Census Tract 201.01, Suffolk County, Massachusetts",1012,263,948,263,0,12,0,12,58,68,0,12,0,12,6,15,0,12,6,15
1500000US250251708001,"Block Group 1, Census Tract 1708, Suffolk County, Massachusetts",2944,717,2511,715,0,12,84,136,67,104,0,12,229,245,53,70,17,29,36,66
1500000US250251705021,"Block Group 1, Census Tract 1705.02, Suffolk County, Massachusetts",911,240,869,224,0,12,0,12,0,12,0,12,0,12,42,62,0,12,42,62
1500000US250250811003,"Block Group 3, Census Tract 811, Suffolk County, Massachusetts",1071,244,749,212,137,76,0,12,130,62,0,12,40,41,15,22,14,22,1,3
1500000US250250102041,"Block Group 1, Census Tract 102.04, Suffolk County, Massachusetts",1332,194,943,212,21,22,17,26,274,83,6,13,18,25,53,33,10,16,43,29
1500000US250250403005,"Block Group 5, Census Tract 403, Suffolk County, Massachusetts",868,203,856,200,0,12,0,12,6,10,0,12,0,12,6,10,0,12,6,10
1500000US250250608001,"Block Group 1, Census Tract 608, Suffolk County, Massachusetts",596,191,567,198,0,12,0,12,0,12,0,12,0,12,29,43,0,12,29,43
1500000US250250001001,"Block Group 1, Census Tract 1, Suffolk County, Massachusetts",2096,511,840,238,103,110,0,12,777,393,0,12,347,364,29,30,0,12,29,30
1500000US250250108013,"Block Group 3, Census Tract 108.01, Suffolk County, Massachusetts",987,178,932,180,0,12,0,12,35,24,0,12,0,12,20,31,0,12,20,31
1500000US250250610002,"Block Group 2, Census Tract 610, Suffolk County, Massachusetts",1266,430,349,166,608,353,0,12,76,84,0,12,221,131,12,17,6,9,6,14
1500000US250250916002,"Block Group 2, Census Tract 916, Suffolk County, Massachusetts",1058,313,134,135,164,154,0,12,734,303,0,12,26,40,0,12,0,12,0,12
1500000US250251704004,"Block Group 4, Census Tract 1704, Suffolk County, Massachusetts",2614,489,1777,439,528,422,0,12,145,137,0,12,164,105,0,12,0,12,0,12
1500000US250250007012,"Block Group 2, Census Tract 7.01, Suffolk County, Massachusetts",582,214,310,148,118,111,32,49,118,97,0,12,4,7,0,12,0,12,0,12
1500000US250250502001,"Block Group 1, Census Tract 502, Suffolk County, Massachusetts",1945,458,1002,335,21,32,68,110,144,148,0,12,116,117,594,338,126,127,468,324
1500000US250250709001,"Block Group 1, Census Tract 709, Suffolk County, Massachusetts",1826,304,1243,239,362,204,0,12,123,86,0,12,52,55,46,46,0,12,46,46
1500000US250259801011,"Block Group 1, Census Tract 9801.01, Suffolk County, Massachusetts",405,506,141,171,101,127,0,12,1,3,0,12,104,227,58,88,0,12,58,88
1500000US250250001004,"Block Group 4, Census Tract 1, Suffolk County, Massachusetts",1302,330,824,274,152,119,0,12,144,129,0,12,134,127,48,52,0,12,48,52
1500000US250250820003,"Block Group 3, Census Tract 820, Suffolk County, Massachusetts",1332,462,133,125,646,297,0,12,0,12,0,12,494,437,59,93,0,12,59,93
1500000US250251001002,"Block Group 2, Census Tract 1001, Suffolk County, Massachusetts",1316,461,87,103,1229,462,0,12,0,12,0,12,0,12,0,12,0,12,0,12
1500000US250251104012,"Block Group 2, Census Tract 1104.01, Suffolk County, Massachusetts",1897,329,1099,236,605,269,53,80,33,33,0,12,68,49,39,42,0,12,39,42
1500000US250251001001,"Block Group 1, Census Tract 1001, Suffolk County, Massachusetts",450,211,88,54,216,158,17,29,46,68,0,12,0,12,83,97,0,12,83,97
1500000US250251403003,"Block Group 3, Census Tract 1403, Suffolk County, Massachusetts",1961,569,508,263,1358,561,0,12,0,12,0,12,39,48,56,78,42,73,14,24
1500000US250250203012,"Block Group 2, Census Tract 203.01, Suffolk County, Massachusetts",1791,185,1443,220,28,27,0,12,277,128,0,12,9,14,34,23,6,11,28,21
1500000US250251006032,"Block Group 2, Census Tract 1006.03, Suffolk County, Massachusetts",437,125,345,92,81,102,0,12,9,14,0,12,1,3,1,3,1,3,0,12
1500000US250250711013,"Block Group 3, Census Tract 711.01, Suffolk County, Massachusetts",1004,343,373,287,346,155,0,12,103,59,0,12,163,160,19,25,0,12,19,25
1500000US250251605014,"Block Group 4, Census Tract 1605.01, Suffolk County, Massachusetts",1020,353,598,228,86,74,0,12,54,51,0,12,25,30,257,182,0,12,257,182
1500000US250251002001,"Block Group 1, Census Tract 1002, Suffolk County, Massachusetts",1298,287,310,171,952,218,0,12,29,41,0,12,7,18,0,12,0,12,0,12
1500000US250250901002,"Block Group 2, Census Tract 901, Suffolk County, Massachusetts",788,264,60,59,541,236,0,12,0,12,0,12,169,158,18,28,18,28,0,12
1500000US250250302001,"Block Group 1, Census Tract 302, Suffolk County, Massachusetts",1814,211,1717,211,23,24,0,12,28,24,0,12,13,21,33,32,0,12,33,32
1500000US250251801011,"Block Group 1, Census Tract 1801.01, Suffolk County, Massachusetts",1043,387,1003,387,40,63,0,12,0,12,0,12,0,12,0,12,0,12,0,12
1500000US250251805003,"Block Group 3, Census Tract 1805, Suffolk County, Massachusetts",1038,260,990,259,10,22,9,15,0,12,0,12,20,30,9,14,9,14,0,12
1500000US250251605015,"Block Group 5, Census Tract 1605.01, Suffolk County, Massachusetts",615,298,438,230,60,60,0,12,0,12,0,12,9,13,108,165,0,12,108,165
1500000US250251301007,"Block Group 7, Census Tract 1301, Suffolk County, Massachusetts",888,329,854,325,0,12,0,12,0,12,0,12,0,12,34,55,0,12,34,55
1500000US250250005023,"Block Group 3, Census Tract 5.02, Suffolk County, Massachusetts",1300,154,1095,147,27,43,0,12,123,70,0,12,40,44,15,16,0,12,15,16
1500000US250250902002,"Block Group 2, Census Tract 902, Suffolk County, Massachusetts",815,246,63,50,417,181,0,12,0,12,0,12,226,160,109,152,82,146,27,25
1500000US250251304022,"Block Group 2, Census Tract 1304.02, Suffolk County, Massachusetts",852,243,646,252,49,59,0,12,140,121,0,12,0,12,17,29,0,12,17,29
1500000US250251304043,"Block Group 3, Census Tract 1304.04, Suffolk County, Massachusetts",325,127,223,97,24,39,0,12,56,61,0,12,22,33,0,12,0,12,0,12
1500000US250250002021,"Block Group 1, Census Tract 2.02, Suffolk County, Massachusetts",1431,275,1274,277,71,70,0,12,60,77,0,12,12,19,14,19,4,9,10,17
1500000US250250104043,"Block Group 3, Census Tract 104.04, Suffolk County, Massachusetts",1566,258,1008,186,80,61,0,12,364,100,0,12,52,50,62,55,0,12,62,55
1500000US250251103012,"Block Group 2, Census Tract 1103.01, Suffolk County, Massachusetts",1366,183,913,141,331,153,23,25,36,30,0,12,39,73,24,27,8,12,16,17
1500000US250250104041,"Block Group 1, Census Tract 104.04, Suffolk County, Massachusetts",1927,330,1112,239,137,161,8,15,487,113,18,29,84,67,81,56,17,28,64,48
1500000US250250923004,"Block Group 4, Census Tract 923, Suffolk County, Massachusetts",571,194,0,12,430,185,0,12,0,12,0,12,121,110,20,33,0,12,20,33
1500000US250250005042,"Block Group 2, Census Tract 5.04, Suffolk County, Massachusetts",1318,321,1152,316,0,12,0,12,166,98,0,12,0,12,0,12,0,12,0,12
1500000US250250203031,"Block Group 1, Census Tract 203.03, Suffolk County, Massachusetts",1077,206,783,196,0,12,0,12,258,146,0,12,18,20,18,30,0,12,18,30
1500000US250251302001,"Block Group 1, Census Tract 1302, Suffolk County, Massachusetts",764,180,640,173,44,51,0,12,44,67,0,12,13,19,23,36,0,12,23,36
1500000US250251701006,"Block Group 6, Census Tract 1701, Suffolk County, Massachusetts",804,331,660,317,47,74,0,12,80,111,0,12,0,12,17,28,0,12,17,28
1500000US250250001003,"Block Group 3, Census Tract 1, Suffolk County, Massachusetts",654,223,570,211,22,25,0,12,39,47,0,12,15,23,8,12,8,12,0,12
1500000US250250408013,"Block Group 3, Census Tract 408.01, Suffolk County, Massachusetts",2314,293,2167,301,24,26,0,12,95,87,0,12,13,21,15,23,0,12,15,23
1500000US250250612001,"Block Group 1, Census Tract 612, Suffolk County, Massachusetts",2782,339,2497,340,75,69,0,12,141,94,0,12,0,12,69,67,10,16,59,66
1500000US250251103011,"Block Group 1, Census Tract 1103.01, Suffolk County, Massachusetts",1354,245,510,122,524,129,18,24,3,8,0,12,252,202,47,39,17,26,30,30
1500000US250251401072,"Block Group 2, Census Tract 1401.07, Suffolk County, Massachusetts",935,201,453,170,335,158,4,7,0,12,0,12,127,112,16,15,11,13,5,7
1500000US250250603011,"Block Group 1, Census Tract 603.01, Suffolk County, Massachusetts",1290,252,1182,252,9,15,0,12,8,13,0,12,71,70,20,23,0,12,20,23
1500000US250250305002,"Block Group 2, Census Tract 305, Suffolk County, Massachusetts",1026,147,924,154,2,4,0,12,33,26,0,12,21,33,46,44,0,12,46,44
1500000US250251606024,"Block Group 4, Census Tract 1606.02, Suffolk County, Massachusetts",1222,379,488,222,51,46,0,12,149,229,0,12,166,170,368,358,9,17,359,359
1500000US250251004002,"Block Group 2, Census Tract 1004, Suffolk County, Massachusetts",1290,455,400,256,882,436,0,12,0,12,0,12,0,12,8,13,8,13,0,12
1500000US250250203021,"Block Group 1, Census Tract 203.02, Suffolk County, Massachusetts",980,129,863,127,0,12,0,12,84,62,0,12,0,12,33,34,0,12,33,34
1500000US250250005021,"Block Group 1, Census Tract 5.02, Suffolk County, Massachusetts",1058,164,911,141,0,12,12,19,73,58,0,12,57,92,5,11,0,12,5,11
1500000US250250809001,"Block Group 1, Census Tract 809, Suffolk County, Massachusetts",1265,280,616,153,33,32,0,12,575,272,0,12,41,62,0,12,0,12,0,12
1500000US250251707011,"Block Group 1, Census Tract 1707.01, Suffolk County, Massachusetts",729,162,586,146,48,53,0,12,6,10,0,12,68,49,21,33,0,12,21,33
1500000US250251801012,"Block Group 2, Census Tract 1801.01, Suffolk County, Massachusetts",1443,393,1354,409,0,12,0,12,34,53,0,12,0,12,55,85,0,12,55,85
1500000US250250911003,"Block Group 3, Census Tract 911, Suffolk County, Massachusetts",559,168,327,112,50,45,0,12,165,141,0,12,0,12,17,19,0,12,17,19
1500000US250250301001,"Block Group 1, Census Tract 301, Suffolk County, Massachusetts",1364,193,1275,192,0,12,0,12,49,38,0,12,40,62,0,12,0,12,0,12
1500000US250250705002,"Block Group 2, Census Tract 705, Suffolk County, Massachusetts",576,207,47,47,55,89,36,57,327,173,0,12,41,65,70,110,0,12,70,110
1500000US250251010013,"Block Group 3, Census Tract 1010.01, Suffolk County, Massachusetts",777,319,0,12,740,334,0,12,0,12,0,12,19,31,18,31,0,12,18,31
1500000US250251206003,"Block Group 3, Census Tract 1206, Suffolk County, Massachusetts",817,213,677,201,47,75,0,12,29,26,0,12,24,38,40,35,8,12,32,34
1500000US250251009005,"Block Group 5, Census Tract 1009, Suffolk County, Massachusetts",1169,328,407,161,525,242,0,12,104,122,0,12,133,211,0,12,0,12,0,12
1500000US250250305003,"Block Group 3, Census Tract 305, Suffolk County, Massachusetts",839,159,710,137,0,12,0,12,82,81,0,12,16,24,31,35,21,31,10,16
1500000US250250303004,"Block Group 4, Census Tract 303, Suffolk County, Massachusetts",568,192,411,144,0,12,0,12,157,158,0,12,0,12,0,12,0,12,0,12
1500000US250250921011,"Block Group 1, Census Tract 921.01, Suffolk County, Massachusetts",892,526,416,241,343,404,0,12,133,177,0,12,0,12,0,12,0,12,0,12
1500000US250250901003,"Block Group 3, Census Tract 901, Suffolk County, Massachusetts",735,270,72,71,469,226,0,12,0,12,0,12,172,142,22,26,15,23,7,11
1500000US250250201013,"Block Group 3, Census Tract 201.01, Suffolk County, Massachusetts",1412,292,1357,297,0,12,0,12,55,48,0,12,0,12,0,12,0,12,0,12
1500000US250251403002,"Block Group 2, Census Tract 1403, Suffolk County, Massachusetts",1357,494,461,237,279,200,0,12,0,12,0,12,548,446,69,99,69,99,0,12
1500000US250250815002,"Block Group 2, Census Tract 815, Suffolk County, Massachusetts",1511,316,162,74,844,250,0,12,24,34,7,13,436,219,38,40,9,14,29,37
1500000US250251003002,"Block Group 2, Census Tract 1003, Suffolk County, Massachusetts",1026,334,39,50,928,343,0,12,38,56,0,12,21,23,0,12,0,12,0,12
1500000US250250806011,"Block Group 1, Census Tract 806.01, Suffolk County, Massachusetts",2954,688,1646,524,370,146,36,51,727,178,0,12,129,84,46,39,0,12,46,39
1500000US250259810001,"Block Group 1, Census Tract 9810, Suffolk County, Massachusetts",0,12,0,12,0,12,0,12,0,12,0,12,0,12,0,12,0,12,0,12
1500000US250250907001,"Block Group 1, Census Tract 907, Suffolk County, Massachusetts",1014,246,728,194,134,137,0,12,110,67,0,12,7,12,35,45,25,37,10,21
1500000US250251006031,"Block Group 1, Census Tract 1006.03, Suffolk County, Massachusetts",1536,247,1238,239,169,162,0,12,105,67,0,12,0,12,24,28,0,12,24,28
1500000US250250001002,"Block Group 2, Census Tract 1, Suffolk County, Massachusetts",1272,493,1015,452,23,29,0,12,198,171,0,12,36,32,0,12,0,12,0,12
1500000US250250924004,"Block Group 4, Census Tract 924, Suffolk County, Massachusetts",1463,490,137,94,927,466,99,115,0,12,0,12,246,306,54,69,23,44,31,51
1500000US250250917002,"Block Group 2, Census Tract 917, Suffolk County, Massachusetts",1164,256,70,81,711,224,11,17,69,106,0,12,261,169,42,61,42,61,0,12
1500000US250250911005,"Block Group 5, Census Tract 911, Suffolk County, Massachusetts",653,217,404,197,58,82,0,12,165,140,0,12,2,4,24,38,0,12,24,38
1500000US250251401071,"Block Group 1, Census Tract 1401.07, Suffolk County, Massachusetts",1819,306,934,189,531,251,88,95,0,12,0,12,179,97,87,55,43,34,44,40
1500000US250251606023,"Block Group 3, Census Tract 1606.02, Suffolk County, Massachusetts",759,245,583,209,106,90,0,12,37,59,0,12,19,31,14,23,0,12,14,23
1500000US250259811003,"Block Group 3, Census Tract 9811, Suffolk County, Massachusetts",5,7,5,7,0,12,0,12,0,12,0,12,0,12,0,12,0,12,0,12
1500000US250250818003,"Block Group 3, Census Tract 818, Suffolk County, Massachusetts",982,428,6,14,638,329,0,12,0,12,0,12,209,216,129,213,0,12,129,213
1500000US250251207002,"Block Group 2, Census Tract 1207, Suffolk County, Massachusetts",1350,135,998,132,76,40,18,27,199,97,0,12,47,38,12,20,0,12,12,20
1500000US250251010011,"Block Group 1, Census Tract 1010.01, Suffolk County, Massachusetts",492,335,17,26,389,240,0,12,0,12,0,12,0,12,86,114,0,12,86,114
1500000US250259817001,"Block Group 1, Census Tract 9817, Suffolk County, Massachusetts",0,12,0,12,0,12,0,12,0,12,0,12,0,12,0,12,0,12,0,12
1500000US250251106012,"Block Group 2, Census Tract 1106.01, Suffolk County, Massachusetts",1109,205,938,208,32,31,0,12,103,112,0,12,15,23,21,34,0,12,21,34
1500000US250250002013,"Block Group 3, Census Tract 2.01, Suffolk County, Massachusetts",1298,251,1152,248,53,46,0,12,58,50,0,12,11,27,24,37,24,37,0,12
1500000US250250104081,"Block Group 1, Census Tract 104.08, Suffolk County, Massachusetts",1392,127,922,101,112,68,0,12,291,73,0,12,36,28,31,20,6,9,25,17
1500000US250250004012,"Block Group 2, Census Tract 4.01, Suffolk County, Massachusetts",1042,308,898,311,0,12,0,12,108,83,0,12,0,12,36,43,0,12,36,43
1500000US250251706011,"Block Group 1, Census Tract 1706.01, Suffolk County, Massachusetts",1597,399,1381,378,73,82,0,12,23,31,0,12,82,92,38,61,0,12,38,61
1500000US250251707025,"Block Group 5, Census Tract 1707.02, Suffolk County, Massachusetts",1453,440,1113,428,99,157,0,12,0,12,0,12,128,159,113,105,22,36,91,99
1500000US250251706013,"Block Group 3, Census Tract 1706.01, Suffolk County, Massachusetts",1256,340,1025,318,79,92,0,12,10,16,0,12,107,102,35,36,7,11,28,34
1500000US250250922004,"Block Group 4, Census Tract 922, Suffolk County, Massachusetts",462,141,126,63,234,141,0,12,7,11,0,12,76,92,19,28,0,12,19,28
1500000US250251301003,"Block Group 3, Census Tract 1301, Suffolk County, Massachusetts",841,262,715,295,126,204,0,12,0,12,0,12,0,12,0,12,0,12,0,12
1500000US250259815021,"Block Group 1, Census Tract 9815.02, Suffolk County, Massachusetts",0,12,0,12,0,12,0,12,0,12,0,12,0,12,0,12,0,12,0,12
1500000US250251204005,"Block Group 5, Census Tract 1204, Suffolk County, Massachusetts",1532,332,1234,302,143,115,0,12,123,108,0,12,32,58,0,12,0,12,0,12
1500000US250250811002,"Block Group 2, Census Tract 811, Suffolk County, Massachusetts",1839,297,813,204,431,193,0,12,343,102,0,12,211,119,41,45,0,12,41,45
1500000US250250902003,"Block Group 3, Census Tract 902, Suffolk County, Massachusetts",1110,306,139,100,685,285,0,12,6,10,0,12,199,176,81,86,11,16,70,83
1500000US250250612002,"Block Group 2, Census Tract 612, Suffolk County, Massachusetts",525,196,454,188,14,26,0,12,11,18,0,12,0,12,46,60,0,12,46,60
1500000US250250924003,"Block Group 3, Census Tract 924, Suffolk County, Massachusetts",2174,569,104,126,1950,594,0,12,0,12,0,12,120,150,0,12,0,12,0,12
1500000US250251006012,"Block Group 2, Census Tract 1006.01, Suffolk County, Massachusetts",1143,558,319,204,399,406,0,12,258,260,0,12,0,12,167,258,0,12,167,258
1500000US250250303003,"Block Group 3, Census Tract 303, Suffolk County, Massachusetts",1513,453,1146,437,200,88,5,11,48,45,0,12,68,52,46,34,16,22,30,26
1500000US250250904001,"Block Group 1, Census Tract 904, Suffolk County, Massachusetts",371,198,90,103,247,170,0,12,0,12,0,12,34,56,0,12,0,12,0,12
1500000US250250701017,"Block Group 7, Census Tract 701.01, Suffolk County, Massachusetts",1234,325,430,135,10,15,0,12,790,296,0,12,0,12,4,9,0,12,4,9
1500000US250250512002,"Block Group 2, Census Tract 512, Suffolk County, Massachusetts",1799,376,1272,279,1,2,0,12,47,62,0,12,52,63,427,316,0,12,427,316
1500000US250250501012,"Block Group 2, Census Tract 501.01, Suffolk County, Massachusetts",1365,267,567,155,125,171,12,21,126,103,0,12,89,72,446,240,0,12,446,240
1500000US250250810012,"Block Group 2, Census Tract 810.01, Suffolk County, Massachusetts",2500,376,637,208,753,418,0,12,471,218,0,12,599,480,40,38,38,38,2,5
1500000US250251008004,"Block Group 4, Census Tract 1008, Suffolk County, Massachusetts",1656,537,913,331,563,478,0,12,0,12,0,12,0,12,180,190,0,12,180,190
1500000US250250604003,"Block Group 3, Census Tract 604, Suffolk County, Massachusetts",1070,391,1012,371,44,66,0,12,14,23,0,12,0,12,0,12,0,12,0,12
1500000US250251205001,"Block Group 1, Census Tract 1205, Suffolk County, Massachusetts",1034,240,515,139,209,144,7,11,60,56,0,12,230,153,13,14,7,11,6,8
1500000US250250303002,"Block Group 2, Census Tract 303, Suffolk County, Massachusetts",1287,529,1009,367,142,231,0,12,41,40,0,12,73,104,22,27,0,12,22,27
1500000US250251207001,"Block Group 1, Census Tract 1207, Suffolk County, Massachusetts",982,237,529,176,111,81,28,42,90,48,0,12,152,110,72,71,11,19,61,68
1500000US250251007002,"Block Group 2, Census Tract 1007, Suffolk County, Massachusetts",1236,343,1111,322,58,48,0,12,33,52,0,12,0,12,34,53,0,12,34,53
1500000US250251001005,"Block Group 5, Census Tract 1001, Suffolk County, Massachusetts",535,249,11,17,398,211,0,12,0,12,0,12,126,144,0,12,0,12,0,12
1500000US250251704002,"Block Group 2, Census Tract 1704, Suffolk County, Massachusetts",1353,436,710,301,92,106,0,12,218,253,0,12,244,255,89,139,0,12,89,139
1500000US250250924005,"Block Group 5, Census Tract 924, Suffolk County, Massachusetts",988,457,0,12,760,446,0,12,0,12,0,12,228,180,0,12,0,12,0,12
1500000US250251701004,"Block Group 4, Census Tract 1701, Suffolk County, Massachusetts",778,288,628,275,91,126,0,12,14,23,0,12,0,12,45,70,45,70,0,12
1500000US250250203011,"Block Group 1, Census Tract 203.01, Suffolk County, Massachusetts",369,98,260,87,13,22,0,12,96,77,0,12,0,12,0,12,0,12,0,12
1500000US250251703003,"Block Group 3, Census Tract 1703, Suffolk County, Massachusetts",574,218,507,193,56,100,0,12,11,17,0,12,0,12,0,12,0,12,0,12
1500000US250251805004,"Block Group 4, Census Tract 1805, Suffolk County, Massachusetts",1101,190,1034,192,22,34,0,12,13,22,0,12,0,12,32,49,0,12,32,49
1500000US250251403006,"Block Group 6, Census Tract 1403, Suffolk County, Massachusetts",816,362,140,187,532,272,0,12,0,12,0,12,120,235,24,38,0,12,24,38
1500000US250250907003,"Block Group 3, Census Tract 907, Suffolk County, Massachusetts",1185,260,746,205,150,133,0,12,120,103,0,12,160,148,9,15,0,12,9,15
1500000US250250505001,"Block Group 1, Census Tract 505, Suffolk County, Massachusetts",2351,253,1549,240,82,51,0,12,78,52,0,12,100,67,542,203,38,37,504,205
1500000US250250108011,"Block Group 1, Census Tract 108.01, Suffolk County, Massachusetts",822,156,575,168,73,96,0,12,158,62,0,12,6,12,10,14,0,12,10,14
1500000US250250507003,"Block Group 3, Census Tract 507, Suffolk County, Massachusetts",1453,475,756,329,0,12,0,12,33,51,0,12,105,134,559,439,31,45,528,436
1500000US250250917001,"Block Group 1, Census Tract 917, Suffolk County, Massachusetts",1364,296,202,108,704,238,0,12,248,144,0,12,168,138,42,56,0,12,42,56
1500000US250251403001,"Block Group 1, Census Tract 1403, Suffolk County, Massachusetts",999,436,226,152,574,347,0,12,0,12,0,12,199,204,0,12,0,12,0,12
1500000US250251206001,"Block Group 1, Census Tract 1206, Suffolk County, Massachusetts",933,318,541,164,97,119,0,12,26,24,0,12,197,289,72,48,0,12,72,48
1500000US250251203011,"Block Group 1, Census Tract 1203.01, Suffolk County, Massachusetts",1653,495,600,224,529,505,0,12,58,91,0,12,423,354,43,43,37,42,6,11
1500000US250250811001,"Block Group 1, Census Tract 811, Suffolk County, Massachusetts",1178,268,664,148,241,159,0,12,151,107,0,12,108,91,14,18,0,12,14,18
1500000US250251401051,"Block Group 1, Census Tract 1401.05, Suffolk County, Massachusetts",2716,368,1717,315,673,233,0,12,0,12,0,12,216,224,110,82,21,33,89,73
1500000US250250809002,"Block Group 2, Census Tract 809, Suffolk County, Massachusetts",1508,310,1264,263,78,68,35,52,89,80,0,12,32,44,10,17,0,12,10,17
1500000US250251303001,"Block Group 1, Census Tract 1303, Suffolk County, Massachusetts",782,216,740,212,36,58,0,12,6,8,0,12,0,12,0,12,0,12,0,12
1500000US250250106002,"Block Group 2, Census Tract 106, Suffolk County, Massachusetts",1095,220,882,209,168,106,0,12,45,42,0,12,0,12,0,12,0,12,0,12
1500000US250251201043,"Block Group 3, Census Tract 1201.04, Suffolk County, Massachusetts",907,187,793,204,46,67,0,12,15,27,0,12,23,26,30,30,12,26,18,21
1500000US250250815001,"Block Group 1, Census Tract 815, Suffolk County, Massachusetts",1105,307,230,82,614,237,8,12,26,22,0,12,182,207,45,44,0,12,45,44
1500000US250250701015,"Block Group 5, Census Tract 701.01, Suffolk County, Massachusetts",216,130,123,68,0,12,0,12,31,47,0,12,0,12,62,97,0,12,62,97
1500000US250251009001,"Block Group 1, Census Tract 1009, Suffolk County, Massachusetts",866,254,299,136,309,175,122,151,98,112,0,12,9,14,29,34,20,31,9,14
1500000US250251404007,"Block Group 7, Census Tract 1404, Suffolk County, Massachusetts",1018,420,361,217,206,189,0,12,18,31,0,12,413,410,20,31,20,31,0,12
1500000US250250605013,"Block Group 3, Census Tract 605.01, Suffolk County, Massachusetts",683,210,637,213,11,19,0,12,10,16,0,12,0,12,25,39,0,12,25,39
1500000US250250813003,"Block Group 3, Census Tract 813, Suffolk County, Massachusetts",1325,438,152,136,477,317,0,12,16,25,0,12,630,397,50,76,0,12,50,76
1500000US250251101033,"Block Group 3, Census Tract 1101.03, Suffolk County, Massachusetts",360,213,234,168,126,147,0,12,0,12,0,12,0,12,0,12,0,12,0,12
1500000US250250916001,"Block Group 1, Census Tract 916, Suffolk County, Massachusetts",1652,331,429,197,912,384,0,12,11,16,0,12,258,203,42,74,0,12,42,74
1500000US250250814001,"Block Group 1, Census Tract 814, Suffolk County, Massachusetts",1010,258,279,127,517,126,0,12,21,31,0,12,184,193,9,15,0,12,9,15
1500000US250250921015,"Block Group 5, Census Tract 921.01, Suffolk County, Massachusetts",2950,761,734,255,866,437,23,40,1319,560,0,12,0,12,8,16,0,12,8,16
1500000US250251703004,"Block Group 4, Census Tract 1703, Suffolk County, Massachusetts",1785,532,1488,468,14,25,0,12,62,78,0,12,0,12,221,286,167,278,54,82
1500000US250251301004,"Block Group 4, Census Tract 1301, Suffolk County, Massachusetts",827,383,799,378,0,12,0,12,0,12,0,12,28,44,0,12,0,12,0,12
1500000US250251404001,"Block Group 1, Census Tract 1404, Suffolk County, Massachusetts",574,230,98,137,404,204,28,44,0,12,0,12,0,12,44,75,0,12,44,75
1500000US250250601012,"Block Group 2, Census Tract 601.01, Suffolk County, Massachusetts",584,142,584,142,0,12,0,12,0,12,0,12,0,12,0,12,0,12,0,12
1500000US250250004023,"Block Group 3, Census Tract 4.02, Suffolk County, Massachusetts",1282,246,1065,251,19,32,0,12,134,95,0,12,18,28,46,44,0,12,46,44
1500000US250251104033,"Block Group 3, Census Tract 1104.03, Suffolk County, Massachusetts",513,215,296,185,113,127,0,12,20,25,0,12,84,98,0,12,0,12,0,12
1500000US250251803011,"Block Group 1, Census Tract 1803.01, Suffolk County, Massachusetts",568,159,565,161,3,6,0,12,0,12,0,12,0,12,0,12,0,12,0,12
1500000US250250101031,"Block Group 1, Census Tract 101.03, Suffolk County, Massachusetts",1009,304,633,266,46,47,0,12,237,89,0,12,6,9,87,70,25,36,62,49
1500000US250250701011,"Block Group 1, Census Tract 701.01, Suffolk County, Massachusetts",1197,323,730,222,19,23,0,12,436,244,0,12,0,12,12,19,0,12,12,19
1500000US250250006014,"Block Group 4, Census Tract 6.01, Suffolk County, Massachusetts",1240,213,838,167,39,48,0,12,241,183,0,12,122,147,0,12,0,12,0,12
1500000US250250502002,"Block Group 2, Census Tract 502, Suffolk County, Massachusetts",1236,466,601,190,65,65,0,12,109,157,0,12,107,125,354,403,0,12,354,403
1500000US250251301001,"Block Group 1, Census Tract 1301, Suffolk County, Massachusetts",944,320,737,241,0,12,0,12,55,83,0,12,123,211,29,43,0,12,29,43
1500000US250250104033,"Block Group 3, Census Tract 104.03, Suffolk County, Massachusetts",937,238,696,211,30,35,10,17,136,97,0,12,0,12,65,100,0,12,65,100
1500000US250250303001,"Block Group 1, Census Tract 303, Suffolk County, Massachusetts",2187,431,1840,385,21,25,0,12,61,70,107,108,0,12,158,227,0,12,158,227
1500000US250250813002,"Block Group 2, Census Tract 813, Suffolk County, Massachusetts",2081,506,338,188,1400,364,0,12,63,98,0,12,234,248,46,55,0,12,46,55
1500000US250251601015,"Block Group 5, Census Tract 1601.01, Suffolk County, Massachusetts",601,474,140,211,0,12,0,12,48,87,0,12,164,191,249,389,0,12,249,389
1500000US250250007011,"Block Group 1, Census Tract 7.01, Suffolk County, Massachusetts",801,282,571,285,20,28,13,22,103,87,0,12,18,31,76,40,41,45,35,43
1500000US250250106001,"Block Group 1, Census Tract 106, Suffolk County, Massachusetts",2050,293,1357,263,177,162,15,25,501,209,0,12,0,12,0,12,0,12,0,12
1500000US250250008021,"Block Group 1, Census Tract 8.02, Suffolk County, Massachusetts",1004,302,710,249,0,12,0,12,169,85,0,12,109,154,16,27,0,12,16,27
1500000US250251304024,"Block Group 4, Census Tract 1304.02, Suffolk County, Massachusetts",881,281,836,265,0,12,0,12,45,56,0,12,0,12,0,12,0,12,0,12
1500000US250250003013,"Block Group 3, Census Tract 3.01, Suffolk County, Massachusetts",732,234,577,178,83,131,0,12,65,82,0,12,0,12,7,12,0,12,7,12
1500000US250250005043,"Block Group 3, Census Tract 5.04, Suffolk County, Massachusetts",1478,316,1222,319,30,48,0,12,187,102,0,12,28,44,11,18,0,12,11,18
1500000US250250008031,"Block Group 1, Census Tract 8.03, Suffolk County, Massachusetts",2466,364,1593,283,123,81,8,15,620,182,0,12,41,34,81,67,43,60,38,28
1500000US250250008032,"Block Group 2, Census Tract 8.03, Suffolk County, Massachusetts",3634,605,2383,432,340,167,0,12,636,212,0,12,82,77,193,131,77,77,116,92
1500000US250250511014,"Block Group 4, Census Tract 511.01, Suffolk County, Massachusetts",1101,392,838,338,45,50,0,12,92,143,0,12,0,12,126,172,0,12,126,172
1500000US250250814003,"Block Group 3, Census Tract 814, Suffolk County, Massachusetts",1330,281,617,192,489,158,0,12,97,60,0,12,70,56,57,77,2,4,55,77
1500000US250250920004,"Block Group 4, Census Tract 920, Suffolk County, Massachusetts",1264,347,135,176,1119,328,0,12,0,12,0,12,10,15,0,12,0,12,0,12
1500000US250250910012,"Block Group 2, Census Tract 910.01, Suffolk County, Massachusetts",778,313,557,289,108,133,0,12,113,87,0,12,0,12,0,12,0,12,0,12
1500000US250250610001,"Block Group 1, Census Tract 610, Suffolk County, Massachusetts",1369,278,1237,234,132,163,0,12,0,12,0,12,0,12,0,12,0,12,0,12
1500000US250250901001,"Block Group 1, Census Tract 901, Suffolk County, Massachusetts",1567,325,96,83,1003,302,0,12,0,12,0,12,275,145,193,185,0,12,193,185
1500000US250251402011,"Block Group 1, Census Tract 1402.01, Suffolk County, Massachusetts",1079,235,405,119,428,154,0,12,67,88,0,12,173,174,6,9,0,12,6,9
1500000US250251404003,"Block Group 3, Census Tract 1404, Suffolk County, Massachusetts",1147,432,102,124,902,351,0,12,0,12,0,12,143,176,0,12,0,12,0,12
1500000US250250007014,"Block Group 4, Census Tract 7.01, Suffolk County, Massachusetts",757,193,615,210,0,12,0,12,86,66,42,62,0,12,14,24,0,12,14,24
1500000US250250007015,"Block Group 5, Census Tract 7.01, Suffolk County, Massachusetts",2034,468,1561,437,0,12,0,12,445,202,0,12,0,12,28,29,9,16,19,23
1500000US250250604004,"Block Group 4, Census Tract 604, Suffolk County, Massachusetts",1003,270,890,255,25,44,0,12,48,44,0,12,40,63,0,12,0,12,0,12
1500000US250250924001,"Block Group 1, Census Tract 924, Suffolk County, Massachusetts",939,353,141,223,798,349,0,12,0,12,0,12,0,12,0,12,0,12,0,12
1500000US250250913001,"Block Group 1, Census Tract 913, Suffolk County, Massachusetts",1237,263,315,140,639,244,21,34,62,50,0,12,193,149,7,12,7,12,0,12
1500000US250251304063,"Block Group 3, Census Tract 1304.06, Suffolk County, Massachusetts",580,245,394,219,55,73,0,12,95,131,0,12,36,69,0,12,0,12,0,12
1500000US250251104031,"Block Group 1, Census Tract 1104.03, Suffolk County, Massachusetts",1106,304,629,327,337,184,0,12,0,12,0,12,86,126,54,85,0,12,54,85
1500000US250250201011,"Block Group 1, Census Tract 201.01, Suffolk County, Massachusetts",689,225,594,182,22,35,0,12,0,12,0,12,0,12,73,89,0,12,73,89
1500000US250250921013,"Block Group 3, Census Tract 921.01, Suffolk County, Massachusetts",1041,451,575,328,412,341,0,12,0,12,0,12,54,100,0,12,0,12,0,12
1500000US250250804011,"Block Group 1, Census Tract 804.01, Suffolk County, Massachusetts",1542,311,285,109,845,279,0,12,88,74,0,12,282,161,42,40,20,33,22,23
1500000US250250502004,"Block Group 4, Census Tract 502, Suffolk County, Massachusetts",1342,448,713,320,15,23,0,12,104,161,0,12,109,118,401,349,0,12,401,349
1500000US250250703001,"Block Group 1, Census Tract 703, Suffolk County, Massachusetts",1081,291,796,247,15,24,0,12,225,191,0,12,0,12,45,43,0,12,45,43
1500000US250250705004,"Block Group 4, Census Tract 705, Suffolk County, Massachusetts",1339,417,564,213,201,153,0,12,314,239,0,12,98,125,162,185,0,12,162,185
1500000US250251304023,"Block Group 3, Census Tract 1304.02, Suffolk County, Massachusetts",942,270,890,252,52,64,0,12,0,12,0,12,0,12,0,12,0,12,0,12
1500000US250250918002,"Block Group 2, Census Tract 918, Suffolk County, Massachusetts",1285,416,0,12,1078,436,0,12,0,12,0,12,75,131,132,226,0,12,132,226
1500000US250251804002,"Block Group 2, Census Tract 1804, Suffolk County, Massachusetts",1061,222,935,239,0,12,0,12,13,19,0,12,0,12,113,176,0,12,113,176
1500000US250250107012,"Block Group 2, Census Tract 107.01, Suffolk County, Massachusetts",757,158,658,154,45,46,0,12,54,39,0,12,0,12,0,12,0,12,0,12
1500000US250251201031,"Block Group 1, Census Tract 1201.03, Suffolk County, Massachusetts",1669,143,1414,149,78,58,0,12,107,71,0,12,0,12,70,69,0,12,70,69
1500000US250250504001,"Block Group 1, Census Tract 504, Suffolk County, Massachusetts",496,175,406,162,7,11,0,12,11,16,0,12,16,23,56,53,4,8,52,53
1500000US250251007004,"Block Group 4, Census Tract 1007, Suffolk County, Massachusetts",740,251,648,222,0,12,0,12,92,99,0,12,0,12,0,12,0,12,0,12
1500000US250250708002,"Block Group 2, Census Tract 708, Suffolk County, Massachusetts",1017,275,795,264,154,146,0,12,40,32,0,12,0,12,28,33,15,26,13,20
1500000US250250602002,"Block Group 2, Census Tract 602, Suffolk County, Massachusetts",1399,226,1375,222,9,13,0,12,5,7,0,12,0,12,10,12,0,12,10,12
1500000US250251008006,"Block Group 6, Census Tract 1008, Suffolk County, Massachusetts",959,457,510,251,265,317,0,12,184,183,0,12,0,12,0,12,0,12,0,12
1500000US250251101031,"Block Group 1, Census Tract 1101.03, Suffolk County, Massachusetts",869,350,673,366,125,133,0,12,0,12,0,12,33,57,38,59,0,12,38,59
1500000US250251302004,"Block Group 4, Census Tract 1302, Suffolk County, Massachusetts",762,211,658,203,75,75,0,12,9,14,0,12,20,23,0,12,0,12,0,12
1500000US250250705003,"Block Group 3, Census Tract 705, Suffolk County, Massachusetts",1931,358,1102,259,87,112,0,12,360,246,0,12,357,201,25,29,0,12,25,29
1500000US250250403002,"Block Group 2, Census Tract 403, Suffolk County, Massachusetts",1612,320,1545,301,0,12,0,12,38,50,0,12,0,12,29,37,13,21,16,31
1500000US250251802004,"Block Group 4, Census Tract 1802, Suffolk County, Massachusetts",1354,256,1168,249,156,184,0,12,10,14,0,12,11,19,9,14,0,12,9,14
1500000US250251805001,"Block Group 1, Census Tract 1805, Suffolk County, Massachusetts",1658,366,1651,366,0,12,0,12,0,12,0,12,0,12,7,11,0,12,7,11
1500000US250250711011,"Block Group 1, Census Tract 711.01, Suffolk County, Massachusetts",1974,553,1133,279,94,86,0,12,454,187,0,12,0,12,293,290,0,12,293,290
1500000US250250808011,"Block Group 1, Census Tract 808.01, Suffolk County, Massachusetts",2704,547,1538,343,391,200,0,12,161,86,0,12,531,275,83,61,53,57,30,25
1500000US250250819003,"Block Group 3, Census Tract 819, Suffolk County, Massachusetts",786,429,87,73,449,386,0,12,0,12,0,12,207,220,43,67,0,12,43,67
1500000US250250812001,"Block Group 1, Census Tract 812, Suffolk County, Massachusetts",2237,336,426,235,1038,277,0,12,0,12,0,12,687,304,86,111,23,36,63,103
1500000US250251106074,"Block Group 4, Census Tract 1106.07, Suffolk County, Massachusetts",1046,231,971,212,70,66,0,12,0,12,0,12,0,12,5,11,0,12,5,11
1500000US250259803001,"Block Group 1, Census Tract 9803, Suffolk County, Massachusetts",380,256,221,151,91,93,13,19,24,24,0,12,31,27,0,12,0,12,0,12
1500000US250250104051,"Block Group 1, Census Tract 104.05, Suffolk County, Massachusetts",3067,389,2184,323,267,98,0,12,391,108,5,10,58,44,162,89,43,39,119,75
1500000US250250007031,"Block Group 1, Census Tract 7.03, Suffolk County, Massachusetts",807,129,328,109,71,56,0,12,378,111,0,12,20,24,10,11,0,12,10,11
1500000US250250919003,"Block Group 3, Census Tract 919, Suffolk County, Massachusetts",1537,393,105,97,1037,331,0,12,0,12,0,12,337,294,58,69,11,17,47,68
1500000US250250005022,"Block Group 2, Census Tract 5.02, Suffolk County, Massachusetts",742,204,626,158,35,57,0,12,81,56,0,12,0,12,0,12,0,12,0,12
1500000US250251702002,"Block Group 2, Census Tract 1702, Suffolk County, Massachusetts",1927,498,1616,490,135,124,0,12,53,68,0,12,79,111,44,44,33,39,11,19
1500000US250259901010,"Block Group 0, Census Tract 9901.01, Suffolk County, Massachusetts",67,106,49,78,18,28,0,12,0,12,0,12,0,12,0,12,0,12,0,12
1500000US250250818002,"Block Group 2, Census Tract 818, Suffolk County, Massachusetts",1536,370,90,83,1074,380,0,12,0,12,0,12,91,111,281,255,132,198,149,165
1500000US250250101042,"Block Group 2, Census Tract 101.04, Suffolk County, Massachusetts",2614,482,1817,332,86,71,0,12,488,185,0,12,99,64,124,69,14,27,110,73
1500000US250250107011,"Block Group 1, Census Tract 107.01, Suffolk County, Massachusetts",1140,231,969,206,7,14,6,12,128,67,0,12,0,12,30,28,0,12,30,28
1500000US250259811001,"Block Group 1, Census Tract 9811, Suffolk County, Massachusetts",0,12,0,12,0,12,0,12,0,12,0,12,0,12,0,12,0,12,0,12
1500000US250251401052,"Block Group 2, Census Tract 1401.05, Suffolk County, Massachusetts",1347,354,469,263,450,274,0,12,33,38,0,12,395,311,0,12,0,12,0,12
1500000US250251002003,"Block Group 3, Census Tract 1002, Suffolk County, Massachusetts",1525,293,68,69,1417,299,0,12,40,61,0,12,0,12,0,12,0,12,0,12
1500000US250251402024,"Block Group 4, Census Tract 1402.02, Suffolk County, Massachusetts",1792,439,1064,385,582,307,0,12,12,12,0,12,85,131,49,39,9,14,40,36
1500000US250251101034,"Block Group 4, Census Tract 1101.03, Suffolk County, Massachusetts",796,324,338,230,59,68,0,12,97,133,0,12,288,287,14,23,0,12,14,23
1500000US250251201051,"Block Group 1, Census Tract 1201.05, Suffolk County, Massachusetts",1162,479,861,376,36,35,0,12,186,153,0,12,1,6,78,62,4,10,74,59
1500000US250250608004,"Block Group 4, Census Tract 608, Suffolk County, Massachusetts",1743,337,1494,347,11,25,0,12,107,113,0,12,131,185,0,12,0,12,0,12
1500000US250259811004,"Block Group 4, Census Tract 9811, Suffolk County, Massachusetts",465,139,163,87,233,94,0,12,4,7,0,12,40,35,25,27,13,21,12,17
1500000US250251005002,"Block Group 2, Census Tract 1005, Suffolk County, Massachusetts",840,303,391,181,288,220,0,12,46,74,0,12,115,142,0,12,0,12,0,12
1500000US250251302005,"Block Group 5, Census Tract 1302, Suffolk County, Massachusetts",961,229,914,235,0,12,9,13,38,42,0,12,0,12,0,12,0,12,0,12
1500000US250251203014,"Block Group 4, Census Tract 1203.01, Suffolk County, Massachusetts",1475,342,967,222,157,118,0,12,68,42,0,12,179,228,104,92,0,12,104,92
1500000US250251402012,"Block Group 2, Census Tract 1402.01, Suffolk County, Massachusetts",1396,281,707,190,255,161,0,12,74,108,0,12,148,179,212,247,0,12,212,247
1500000US250251802003,"Block Group 3, Census Tract 1802, Suffolk County, Massachusetts",786,340,742,335,0,12,0,12,0,12,0,12,0,12,44,40,0,12,44,40
1500000US250250921012,"Block Group 2, Census Tract 921.01, Suffolk County, Massachusetts",1004,514,247,246,57,121,0,12,619,397,0,12,81,134,0,12,0,12,0,12
1500000US250251401023,"Block Group 3, Census Tract 1401.02, Suffolk County, Massachusetts",934,347,619,279,222,176,0,12,12,19,0,12,11,17,70,79,0,12,70,79
1500000US250251102011,"Block Group 1, Census Tract 1102.01, Suffolk County, Massachusetts",2528,248,742,185,1182,230,23,36,12,20,0,12,434,200,135,88,62,75,73,53
1500000US250250708003,"Block Group 3, Census Tract 708, Suffolk County, Massachusetts",910,246,772,241,66,63,0,12,72,69,0,12,0,12,0,12,0,12,0,12
1500000US250251204003,"Block Group 3, Census Tract 1204, Suffolk County, Massachusetts",1333,392,1072,304,94,86,0,12,41,52,0,12,27,42,99,114,0,12,99,114
1500000US250250902001,"Block Group 1, Census Tract 902, Suffolk County, Massachusetts",662,178,62,65,384,146,0,12,0,12,0,12,50,77,166,161,16,22,150,160
1500000US250251203012,"Block Group 2, Census Tract 1203.01, Suffolk County, Massachusetts",827,254,363,150,225,159,0,12,42,53,0,12,197,181,0,12,0,12,0,12
1500000US250250914002,"Block Group 2, Census Tract 914, Suffolk County, Massachusetts",1148,276,155,99,635,202,0,12,0,12,0,12,306,157,52,50,18,18,34,43
1500000US250251106073,"Block Group 3, Census Tract 1106.07, Suffolk County, Massachusetts",1778,360,1526,342,57,64,0,12,26,28,0,12,147,172,22,34,0,12,22,34
1500000US250251005004,"Block Group 4, Census Tract 1005, Suffolk County, Massachusetts",1440,588,30,34,1367,558,0,12,0,12,0,12,0,12,43,63,0,12,43,63
1500000US250251605022,"Block Group 2, Census Tract 1605.02, Suffolk County, Massachusetts",1765,620,956,485,162,186,0,12,23,39,0,12,71,68,553,496,0,12,553,496
1500000US250250509013,"Block Group 3, Census Tract 509.01, Suffolk County, Massachusetts",1229,445,648,294,0,12,0,12,44,78,0,12,0,12,537,344,0,12,537,344
1500000US250250701016,"Block Group 6, Census Tract 701.01, Suffolk County, Massachusetts",611,185,452,154,0,12,0,12,149,123,0,12,0,12,10,15,0,12,10,15
1500000US250250604001,"Block Group 1, Census Tract 604, Suffolk County, Massachusetts",1358,433,1358,433,0,12,0,12,0,12,0,12,0,12,0,12,0,12,0,12
1500000US250251105023,"Block Group 3, Census Tract 1105.02, Suffolk County, Massachusetts",527,180,415,168,24,37,0,12,8,15,0,12,80,78,0,12,0,12,0,12
1500000US250250707001,"Block Group 1, Census Tract 707, Suffolk County, Massachusetts",1256,243,741,205,316,157,0,12,85,92,0,12,37,45,77,70,18,29,59,64
1500000US250250810013,"Block Group 3, Census Tract 810.01, Suffolk County, Massachusetts",687,208,274,145,183,119,0,12,230,141,0,12,0,12,0,12,0,12,0,12
1500000US250250105002,"Block Group 2, Census Tract 105, Suffolk County, Massachusetts",1335,259,1001,267,8,11,0,12,230,121,0,12,80,62,16,18,0,12,16,18
1500000US250250818001,"Block Group 1, Census Tract 818, Suffolk County, Massachusetts",971,400,91,64,437,197,0,12,0,12,0,12,335,302,108,145,13,22,95,144
1500000US250250915001,"Block Group 1, Census Tract 915, Suffolk County, Massachusetts",1897,387,479,189,660,302,0,12,17,18,0,12,558,249,183,198,68,77,115,185
1500000US250251105021,"Block Group 1, Census Tract 1105.02, Suffolk County, Massachusetts",1969,632,1081,290,281,439,135,202,184,218,0,12,253,189,35,44,0,12,35,44
1500000US250250801002,"Block Group 2, Census Tract 801, Suffolk County, Massachusetts",677,191,50,70,405,144,44,61,9,20,0,12,155,110,14,22,8,20,6,9
1500000US250250920001,"Block Group 1, Census Tract 920, Suffolk County, Massachusetts",1630,387,291,190,710,272,0,12,140,139,0,12,435,288,54,74,0,12,54,74
1500000US250250005031,"Block Group 1, Census Tract 5.03, Suffolk County, Massachusetts",677,120,462,86,0,12,14,23,74,60,0,12,0,12,127,83,0,12,127,83
1500000US250250708001,"Block Group 1, Census Tract 708, Suffolk County, Massachusetts",1650,405,965,300,504,273,0,12,157,131,0,12,12,27,12,27,0,12,12,27
1500000US250250006021,"Block Group 1, Census Tract 6.02, Suffolk County, Massachusetts",1345,283,742,295,31,49,0,12,444,195,0,12,72,89,56,77,0,12,56,77
1500000US250251101037,"Block Group 7, Census Tract 1101.03, Suffolk County, Massachusetts",1627,512,479,439,1050,377,0,12,0,12,0,12,98,128,0,12,0,12,0,12
1500000US250250203033,"Block Group 3, Census Tract 203.03, Suffolk County, Massachusetts",1463,300,951,228,104,82,0,12,141,91,0,12,214,247,53,41,0,12,53,41